,dbn,school_name,address,city,Number of SAT Test Takers,SAT Critical Reading Avg,SAT Math Avg,SAT Writing Avg,total cohort  - june,total math/ela apm - june,Regents Pass Rate - June,total cohort  - august,total math/ela apm - august,Regents Pass Rate - August,Graduation Ontrack Rate - 2013,Graduation Rate - 2013,College Career Rate - 2013,Student Satisfaction Rate - 2013,Graduation Ontrack Rate - 2012,Graduation Rate - 2012,College Career Rate - 2012,Student Satisfaction Rate - 2012,coordinates
0,01M292,Henry Street School for International Studies,220 Henry Street,New York,29.0,355.0,404.0,363.0,78.0,7.0,9.0,78.0,7.0,9.0,62.0,58.0,32.0,7.1,81.0,51.0,40.0,6.3,"(40.7135296, -73.9856844)"
1,01M448,University Neighborhood High School,200 Monroe Street,New York,91.0,383.0,423.0,366.0,124.0,17.0,13.7,124.0,17.0,13.7,83.0,78.0,55.0,7.5,92.0,74.0,67.0,6.6,"(40.7122569, -73.9840313)"
2,01M450,East Side Community School,420 East 12 Street,New York,70.0,377.0,402.0,370.0,,,,,,,92.0,76.0,58.0,8.4,92.0,73.0,56.0,7.3,"(40.729311, -73.9825827)"
3,01M509,Marta Valle High School,145 Stanton Street,New York,44.0,390.0,433.0,384.0,84.0,14.0,16.7,84.0,14.0,16.7,59.0,36.0,38.0,6.5,69.0,60.0,48.0,6.5,"(40.7202883, -73.9860794)"
4,01M539,New Explorations into Science Technology and Math High School,111 Columbia Street,New York,159.0,522.0,574.0,525.0,46.0,42.0,91.3,46.0,42.0,91.3,99.0,98.0,84.0,7.6,97.0,98.0,83.0,7.2,"(40.7195002, -73.9792392)"
5,01M696,Bard High School Early College,525 East Houston Street,New York,130.0,624.0,604.0,628.0,139.0,99.0,71.2,139.0,100.0,71.9,96.0,98.0,94.0,8.2,96.0,97.0,97.0,8.0,"(40.7180919, -73.97607459999999)"
6,02M047,47  American Sign Language and English Secondary School,223 East 23 Street,New York,16.0,395.0,400.0,387.0,25.0,1.0,4.0,25.0,1.0,4.0,98.0,71.0,42.0,7.5,68.0,55.0,30.0,7.3,"(40.738454, -73.98166069999999)"
12,02M288,Food and Finance High School,525 West 50Th Street,New York,62.0,409.0,393.0,392.0,102.0,14.0,13.7,102.0,14.0,13.7,89.0,84.0,53.0,6.8,89.0,77.0,60.0,6.6,"(40.7655356, -73.9931625)"
13,02M294,Essex Street Academy,350 Grand Street,New York,53.0,394.0,384.0,378.0,,,,,,,90.0,65.0,49.0,7.9,90.0,77.0,61.0,7.5,"(40.717321, -73.989323)"
14,02M296,High School of Hospitality Management,525 West 50Th Street,New York,58.0,374.0,375.0,362.0,75.0,14.0,18.7,75.0,14.0,18.7,82.0,66.0,52.0,7.3,87.0,78.0,43.0,7.1,"(40.7655356, -73.9931625)"
15,02M298,Pace High School,100 Hester Street,New York,85.0,423.0,438.0,432.0,92.0,28.0,30.4,92.0,28.0,30.4,94.0,89.0,69.0,7.5,90.0,87.0,79.0,7.0,"(40.71651, -73.9936997)"
16,02M300,Urban Assembly School of Design and Construction ,525 West 50Th Street,New York,48.0,404.0,449.0,416.0,80.0,12.0,15.0,80.0,12.0,15.0,73.0,55.0,55.0,6.8,61.0,61.0,47.0,6.5,"(40.7655356, -73.9931625)"
17,02M303,Facing History School ,525 West 50Th Street,New York,76.0,353.0,358.0,340.0,,,,,,,78.0,62.0,52.0,7.8,77.0,65.0,43.0,6.9,"(40.7655356, -73.9931625)"
18,02M305,Urban Assembly Academy of Government and Law ,350 Grand Street,New York,50.0,375.0,388.0,385.0,61.0,3.0,4.9,61.0,3.0,4.9,83.0,83.0,60.0,6.8,79.0,78.0,64.0,6.3,"(40.717321, -73.989323)"
19,02M308,Lower Manhattan Arts Academy,350 Grand Street,New York,40.0,403.0,392.0,405.0,68.0,5.0,7.4,68.0,5.0,7.4,67.0,75.0,52.0,7.2,75.0,68.0,59.0,6.7,"(40.717321, -73.989323)"
20,02M316,Urban Assembly School of Business for Young Women ,26 Broadway,New York,42.0,373.0,370.0,384.0,72.0,5.0,6.9,72.0,5.0,6.9,77.0,75.0,48.0,6.9,80.0,71.0,64.0,6.9,"(40.7054423, -74.01288819999999)"
21,02M374,Gramercy Arts High School,40 Irving Place,New York,60.0,391.0,391.0,394.0,93.0,3.0,3.2,93.0,3.0,3.2,82.0,77.0,50.0,6.9,82.0,74.0,48.0,6.7,"(40.7354677, -73.987393)"
22,02M376,NYC iSchool,131 Avenue Of The Americas,New York,92.0,473.0,483.0,479.0,,,,,,,98.0,94.0,86.0,7.9,96.0,95.0,,7.7,"(40.7244683, -74.00494599999999)"
23,02M392,MANHATTAN BUSINESS ACADEMY,351 West 18 Street,New York,,,,,,,,,,,83.0,86.0,,7.5,80.0,,,7.0,"(40.743248, -74.00269500000002)"
24,02M393,BUSINESS OF SPORTS SCHOOL,439 West 49Th Street,New York,,,,,,,,,,,72.0,72.0,,7.4,81.0,,,6.7,"(40.76399929999999, -73.9908346)"
25,02M399,THE HIGH SCHOOL FOR LANGUAGE AND DIPLOMACY,40 Irving Place,New York,,,,,,,,,,,77.0,67.0,,7.1,65.0,,,6.5,"(40.7354677, -73.987393)"
26,02M400,High School for Environmental Studies,444 West 56 Street,New York,263.0,465.0,493.0,461.0,352.0,122.0,34.7,352.0,129.0,36.6,85.0,83.0,64.0,7.4,79.0,82.0,81.0,6.9,"(40.7679079, -73.9884009)"
27,02M407,Institute for Collaborative Education,345 East 15Th Street,New York,54.0,492.0,465.0,467.0,,,,,,,100.0,94.0,58.0,8.2,98.0,86.0,57.0,7.8,"(40.7325413, -73.9828422)"
28,02M408,Professional Performing Arts High School,328 West 48 Street,New York,94.0,509.0,490.0,523.0,80.0,25.0,31.3,80.0,26.0,32.5,93.0,96.0,66.0,7.2,87.0,93.0,68.0,7.1,"(40.7615351, -73.9886547)"
29,02M411,Baruch College Campus High School,55 East 25 Street,New York,104.0,496.0,563.0,518.0,105.0,74.0,70.5,105.0,74.0,70.5,100.0,99.0,96.0,8.0,100.0,100.0,91.0,7.5,"(40.7418485, -73.98590899999999)"
30,02M412,N.Y.C. Lab School for Collaborative Studies,333 West 17 Street,New York,114.0,537.0,590.0,550.0,124.0,70.0,56.5,124.0,74.0,59.7,95.0,95.0,73.0,7.7,95.0,93.0,88.0,7.0,"(40.7425117, -74.00273349999999)"
31,02M413,School of  Future High School,127 East 22 Street,New York,66.0,517.0,533.0,515.0,,,,,,,95.0,85.0,77.0,7.7,97.0,83.0,63.0,7.4,"(40.7390867, -73.9853658)"
32,02M414,N.Y.C. Museum School,333 West 17 Street,New York,103.0,468.0,492.0,459.0,106.0,22.0,20.8,106.0,22.0,20.8,99.0,98.0,91.0,7.1,99.0,100.0,86.0,7.0,"(40.7425117, -74.00273349999999)"
33,02M416,Eleanor Roosevelt High School,411 East 76 Street,New York,127.0,572.0,594.0,592.0,127.0,103.0,81.1,127.0,103.0,81.1,100.0,100.0,97.0,8.3,100.0,98.0,97.0,7.8,"(40.770282, -73.953267)"
34,02M418,Millennium High School,75 Broad Street,New York,144.0,528.0,553.0,533.0,150.0,97.0,64.7,150.0,99.0,66.0,100.0,99.0,86.0,8.0,97.0,100.0,84.0,7.4,"(40.7046172, -74.01123249999999)"
35,02M419,Landmark High School,351 West 18 Street,New York,62.0,390.0,399.0,381.0,,,,,,,80.0,50.0,41.0,7.2,69.0,51.0,43.0,6.5,"(40.743248, -74.00269500000002)"
36,02M420,High School for Health Professions and Human Services,345 East 15Th Street,New York,336.0,429.0,449.0,428.0,341.0,90.0,26.4,341.0,91.0,26.7,89.0,86.0,77.0,7.5,88.0,88.0,72.0,6.7,"(40.7325413, -73.9828422)"
37,02M422,Quest to Learn,351 West 18 Street,New York,,,,,,,,,,,84.0,,,7.6,,,,7.3,"(40.743248, -74.00269500000002)"
38,02M425,Leadership and Public Service High School,90 Trinity Place,New York,84.0,416.0,426.0,391.0,144.0,18.0,12.5,144.0,18.0,12.5,75.0,68.0,43.0,7.2,79.0,59.0,49.0,6.5,"(40.70902419999999, -74.0123569)"
39,02M427,MANHATTAN ACADEMY FOR ARTS & LANGUAGE,111 East 33Rd Street,New York,,,,,,,,,,,61.0,,,8.0,62.0,,,6.9,"(40.7464334, -73.9810279)"
40,02M432,Murray Hill Academy,111 East 33Rd Street,New York,,,,,,,,,,,,,,7.7,,,,6.9,"(40.7464334, -73.9810279)"
41,02M437,Hudson High School of Learning Technologies,351 West 18 Street,New York,,,,,,,,,,,74.0,,,7.3,54.0,,,7.0,"(40.743248, -74.00269500000002)"
42,02M438,International High School at Union Square,40 Irving Place,New York,,,,,,,,,,,81.0,,,8.1,84.0,,,7.4,"(40.7354677, -73.987393)"
43,02M439,Manhattan Village Academy,43 West 22 Street,New York,95.0,441.0,473.0,458.0,,,,,,,100.0,97.0,83.0,7.7,98.0,98.0,77.0,7.2,"(40.7419716, -73.99223769999999)"
44,02M449,Vanguard High School,317 East 67 Street,New York,72.0,395.0,416.0,388.0,,,,,,,68.0,75.0,59.0,7.3,81.0,71.0,55.0,7.1,"(40.7653683, -73.9596962)"
45,02M459,Manhattan International High School,317 East 67 Street,New York,49.0,376.0,460.0,391.0,,,,,,,81.0,56.0,55.0,8.4,64.0,64.0,49.0,7.6,"(40.7653683, -73.9596962)"
46,02M475,Stuyvesant High School,345 Chambers Street,New York,832.0,679.0,735.0,682.0,787.0,773.0,98.2,787.0,778.0,98.9,99.0,98.0,99.0,7.7,99.0,99.0,99.0,7.1,"(40.7180139, -74.0138939)"
47,02M489,High School of Economics and Finance,100 Trinity Place,New York,167.0,443.0,489.0,442.0,177.0,53.0,29.9,177.0,54.0,30.5,83.0,75.0,77.0,7.4,87.0,81.0,74.0,6.7,"(40.709254, -74.0121884)"
48,02M500,Unity Center for Urban Technologies,111 East 33Rd Street,New York,25.0,370.0,349.0,351.0,53.0,1.0,1.9,53.0,1.0,1.9,80.0,68.0,40.0,7.6,83.0,70.0,50.0,8.4,"(40.7464334, -73.9810279)"
49,02M507,Urban Assembly Gateway School for Technology,439 West 49Th Street,New York,,,,,,,,,,,83.0,,,7.8,81.0,,,7.7,"(40.76399929999999, -73.9908346)"
50,02M519,Talent Unlimited High School,317 East 67 Street,New York,81.0,469.0,472.0,475.0,136.0,45.0,33.1,136.0,45.0,33.1,97.0,96.0,81.0,7.7,93.0,96.0,82.0,6.7,"(40.7653683, -73.9596962)"
51,02M520,Murry Bergtraum High School for Business Careers,411 Pearl Street,New York,264.0,407.0,440.0,393.0,637.0,112.0,17.6,637.0,114.0,17.9,56.0,51.0,43.0,6.1,60.0,62.0,42.0,6.1,"(40.7110316, -74.0013216)"
52,02M529,Jacqueline Kennedy Onassis High School,120 West 46 Street,New York,131.0,414.0,425.0,400.0,148.0,29.0,19.6,148.0,31.0,20.9,67.0,66.0,43.0,7.4,75.0,69.0,40.0,6.8,"(40.7577223, -73.9833542)"
53,02M531,Repertory Company High School for atre Arts,123 West 43 Street,New York,42.0,429.0,404.0,420.0,49.0,2.0,4.1,49.0,2.0,4.1,100.0,96.0,61.0,6.9,98.0,91.0,63.0,6.6,"(40.7561154, -73.9844504)"
54,02M533,Union Square Academy for Health Sciences,40 Irving Place,New York,,,,,,,,,,,89.0,,,8.5,,,,,"(40.7354677, -73.987393)"
55,02M534,Harvest Collegiate High School,34 West 14 Street,New York,,,,,,,,,,,100.0,,,8.0,,,,,"(40.7365859, -73.9954734)"
56,02M542,Manhattan Bridges High School,525 West 50Th Street,New York,66.0,336.0,378.0,344.0,111.0,13.0,11.7,111.0,13.0,11.7,98.0,82.0,70.0,8.3,92.0,87.0,52.0,7.2,"(40.7655356, -73.9931625)"
57,02M543,New Design High School,350 Grand Street,New York,73.0,391.0,395.0,382.0,101.0,8.0,7.9,101.0,8.0,7.9,73.0,85.0,58.0,7.6,90.0,79.0,48.0,7.3,"(40.717321, -73.989323)"
58,02M545,High School for Dual Language and Asian Studies,350 Grand Street,New York,78.0,412.0,581.0,431.0,54.0,40.0,74.1,54.0,40.0,74.1,98.0,98.0,88.0,7.6,96.0,93.0,95.0,7.1,"(40.717321, -73.989323)"
59,02M546,Academy for Software Engineering,40 Irving Place,New York,,,,,,,,,,,97.0,,,8.3,,,,,"(40.7354677, -73.987393)"
60,02M551,Urban Assembly New York Harbor School,550 Wheeler Avenue,Manhattan,77.0,405.0,423.0,384.0,77.0,7.0,9.1,77.0,7.0,9.1,90.0,71.0,71.0,7.3,77.0,86.0,54.0,6.9,"(40.6911098, -74.0193321)"
61,02M580,Richard R. Green High School of Teaching,26 Broadway,New York,84.0,408.0,384.0,403.0,134.0,27.0,20.1,134.0,27.0,20.1,71.0,72.0,55.0,7.0,61.0,74.0,41.0,6.8,"(40.7054423, -74.01288819999999)"
62,02M600, High School of Fashion Industries,225 West 24 Street,New York,335.0,423.0,423.0,411.0,416.0,145.0,34.9,416.0,148.0,35.6,91.0,91.0,66.0,7.1,90.0,89.0,64.0,6.5,"(40.7455962, -73.9964634)"
63,02M605,Humanities Preparatory Academy,351 West 18 Street,New York,36.0,426.0,403.0,426.0,,,,,,,,,,8.1,,,,6.9,"(40.743248, -74.00269500000002)"
64,02M615,Chelsea Career and Technical Education High School,131 Avenue Of The Americas,New York,83.0,399.0,418.0,390.0,173.0,8.0,4.6,173.0,8.0,4.6,83.0,80.0,41.0,7.5,77.0,73.0,25.0,6.9,"(40.7244683, -74.00494599999999)"
65,02M630,Art and Design High School,231-249 East 56 Street,New York,270.0,444.0,441.0,430.0,320.0,44.0,13.8,320.0,44.0,13.8,81.0,84.0,82.0,6.9,89.0,82.0,51.0,6.4,"(40.7588375, -73.9662492)"
66,02M655,Life Sciences Secondary School,320 East 96 Street,New York,61.0,409.0,424.0,403.0,118.0,11.0,9.3,118.0,11.0,9.3,82.0,64.0,40.0,6.8,85.0,69.0,46.0,6.2,"(40.7833777, -73.94593940000001)"
67,03M299,High School for Arts Imagination and Inquiry,122 Amsterdam Avenue,New York,49.0,374.0,384.0,374.0,89.0,4.0,4.5,89.0,4.0,4.5,74.0,75.0,40.0,7.2,77.0,66.0,37.0,6.4,"(40.7747793, -73.98472000000001)"
68,03M307,Urban Assembly School for Media Studies ,122 Amsterdam Avenue,New York,41.0,384.0,390.0,370.0,100.0,5.0,5.0,100.0,5.0,5.0,77.0,61.0,40.0,7.2,80.0,67.0,42.0,6.7,"(40.7747793, -73.98472000000001)"
69,03M402, Urban Assembly School for Green Careers,145 West 84 Street,New York,,,,,,,,,,,70.0,40.0,,6.7,85.0,,,7.1,"(40.785992, -73.9743724)"
70,03M403, Global Learning Collaborative,145 West 84 Street,New York,,,,,,,,,,,82.0,53.0,,7.2,63.0,,,6.9,"(40.785992, -73.9743724)"
71,03M415,Wadleigh Secondary School for  Performing & Visual Arts,215 West 114 Street,New York,32.0,371.0,368.0,370.0,127.0,11.0,8.7,127.0,13.0,10.2,57.0,44.0,31.0,6.9,66.0,43.0,42.0,6.0,"(40.8022843, -73.95408019999999)"
72,03M417,FRANK McCOURT HIGH SCHOOL,145 West 84 Street,New York,,,,,,,,,,,85.0,,,7.5,94.0,,,7.2,"(40.785992, -73.9743724)"
73,03M479,Beacon High School,227-243 West 61St Street,New York,261.0,577.0,575.0,592.0,,,,,,,97.0,99.0,84.0,8.1,99.0,98.0,89.0,7.8,"(40.7724873, -73.9881532)"
74,03M485,Fiorello H. LaGuardia High School of Music & Art and Performing Arts,100 Amsterdam Avenue,New York,531.0,566.0,564.0,577.0,646.0,487.0,75.4,646.0,490.0,75.9,99.0,98.0,86.0,7.3,99.0,100.0,93.0,6.8,"(40.7740625, -73.9854943)"
75,03M492,High School for Law Advocacy and Community Justice,122 Amsterdam Avenue,New York,66.0,396.0,398.0,402.0,107.0,10.0,9.3,107.0,10.0,9.3,76.0,74.0,41.0,7.1,68.0,79.0,53.0,6.9,"(40.7747793, -73.98472000000001)"
76,03M494,High School of Arts and Technology,122 Amsterdam Avenue,New York,75.0,433.0,433.0,411.0,137.0,17.0,12.4,137.0,17.0,12.4,77.0,64.0,51.0,6.9,79.0,68.0,41.0,6.7,"(40.7747793, -73.98472000000001)"
77,03M541,Manhattan / Hunter Science High School,122 Amsterdam Avenue,New York,111.0,473.0,506.0,467.0,90.0,68.0,75.6,90.0,68.0,75.6,94.0,91.0,89.0,7.8,100.0,95.0,82.0,7.2,"(40.7747793, -73.98472000000001)"
79,03M860,Frederick Douglass Academy II Secondary School,215 West 114 Street,New York,43.0,356.0,379.0,361.0,54.0,6.0,11.1,54.0,6.0,11.1,89.0,65.0,59.0,7.0,81.0,68.0,52.0,6.5,"(40.8022843, -73.95408019999999)"
80,04M372,ESPERANZA PREPARATORY ACADEMY,240 East 109 Street,New York,,,,,,,,,,,94.0,,,8.0,,,,7.7,"(40.7924857, -73.9417246)"
81,04M409,Coalition School for Social Change,2351 1St Avenue,New York,48.0,354.0,357.0,373.0,76.0,3.0,3.9,76.0,3.0,3.9,65.0,41.0,22.0,7.5,67.0,47.0,33.0,6.7,"(40.7992278, -73.9338214)"
82,04M435,Manhattan Center for Science and Mamatics,260 Pleasant Avenue,New York,375.0,461.0,514.0,455.0,381.0,212.0,55.6,381.0,215.0,56.4,95.0,90.0,77.0,7.2,96.0,91.0,74.0,6.6,"(40.794167, -73.932694)"
83,04M495,Park East High School,230 East 105 Street,New York,51.0,373.0,379.0,376.0,92.0,5.0,5.4,92.0,6.0,6.5,76.0,76.0,51.0,8.0,92.0,82.0,47.0,7.1,"(40.7902049, -73.9441678)"
84,04M555,Central Park East High School,1573 Madison Avenue,New York,73.0,405.0,421.0,395.0,,,,,,,87.0,93.0,73.0,7.9,94.0,85.0,58.0,7.2,"(40.7936899, -73.9491583)"
85,04M610,Young Women's Leadership School,105 East 106 Street,New York,70.0,432.0,446.0,448.0,55.0,23.0,41.8,55.0,23.0,41.8,95.0,100.0,91.0,8.1,97.0,100.0,83.0,7.4,"(40.792935, -73.94716799999999)"
86,04M680,Heritage School ,1680 Lexington Avenue,New York,31.0,358.0,351.0,345.0,75.0,7.0,9.3,75.0,8.0,10.7,78.0,61.0,36.0,6.5,84.0,63.0,29.0,6.3,"(40.791964, -73.946878)"
88,05M304,Mott Hall High School,6 Edgecombe Avenue,New York,54.0,413.0,399.0,398.0,96.0,14.0,14.6,96.0,14.0,14.6,76.0,69.0,45.0,7.3,67.0,65.0,59.0,6.7,"(40.8174583, -73.9473723)"
89,05M362,Columbia Secondary School,425 West 123 Street,New York,,,,,,,,,,,89.0,,,7.3,96.0,,,7.0,"(40.8106401, -73.9558474)"
90,05M367,Academy for Social Action: A College Board School,509 West 129 Street,New York,33.0,354.0,366.0,342.0,,,,,,,63.0,59.0,23.0,6.5,78.0,37.0,71.0,5.6,"(40.8154784, -73.9555563)"
91,05M369,Urban Assembly School for  Performing Arts,509 West 129 Street,New York,56.0,360.0,353.0,364.0,62.0,6.0,9.7,62.0,6.0,9.7,85.0,68.0,60.0,6.6,78.0,75.0,57.0,5.9,"(40.8154784, -73.9555563)"
92,05M499,Frederick Douglass Academy,2581 7Th Avenue,New York,214.0,458.0,474.0,442.0,259.0,119.0,45.9,259.0,121.0,46.7,64.0,80.0,76.0,6.9,47.0,82.0,73.0,6.2,"(40.8244633, -73.936447)"
93,05M670,Thurgood Marshall Academy for Learning and Social Change,200-214 West 135Th Street,New York,66.0,396.0,402.0,404.0,95.0,17.0,17.9,95.0,17.0,17.9,63.0,94.0,63.0,7.6,75.0,90.0,65.0,6.9,"(40.8152968, -73.9443043)"
94,05M692,High School for Mamatics Science and Engineering at City College,240 Convent Ave,New York,101.0,605.0,654.0,588.0,106.0,100.0,94.3,106.0,104.0,98.1,100.0,99.0,98.0,8.2,97.0,99.0,60.0,7.6,"(40.8213947, -73.9488459)"
96,06M293,City College Academy of  Arts,4600 Broadway,New York,60.0,408.0,446.0,416.0,,,,,,,84.0,88.0,95.0,8.1,88.0,95.0,,7.5,"(40.8608196, -73.9300663)"
97,06M346,Community Health Academy of  Heights,504 West 158Th Street,New York,55.0,362.0,376.0,367.0,,,,,,,64.0,58.0,45.0,8.2,49.0,72.0,,7.1,"(40.8334867, -73.9424463)"
98,06M348,Washington Heights Expeditionary Learning School,511 West 182Nd Street,New York,70.0,380.0,395.0,399.0,,,,,,,77.0,66.0,58.0,8.2,93.0,73.0,,7.5,"(40.8490987, -73.9311063)"
99,06M423,High School for Excellence and Innovation,650 Academy Street,New York,,,,,,,,,,,,,,8.0,,,,6.9,"(40.8659143, -73.925157)"
100,06M462, College Academy,549 Audubon Avenue,New York,76.0,365.0,384.0,378.0,185.0,18.0,9.7,185.0,19.0,10.3,76.0,64.0,42.0,7.5,72.0,59.0,43.0,6.8,"(40.8562127, -73.92655429999999)"
101,06M463,High School for Media and Communications,549 Audubon Avenue,New York,63.0,369.0,380.0,349.0,161.0,10.0,6.2,161.0,11.0,6.8,68.0,62.0,45.0,7.5,62.0,64.0,37.0,6.6,"(40.8562127, -73.92655429999999)"
102,06M467,High School for Law and Public Service,549 Audubon Avenue,New York,94.0,363.0,378.0,361.0,171.0,16.0,9.4,171.0,16.0,9.4,68.0,60.0,39.0,7.1,71.0,65.0,53.0,6.5,"(40.8562127, -73.92655429999999)"
103,06M468,High School for Health Careers and Sciences,549 Audubon Avenue,New York,24.0,400.0,422.0,402.0,158.0,21.0,13.3,158.0,21.0,13.3,65.0,49.0,36.0,7.2,67.0,57.0,41.0,6.6,"(40.8562127, -73.92655429999999)"
104,06M540,A. Philip Randolph Campus High School,443 West 135 Street,New York,228.0,430.0,456.0,423.0,267.0,62.0,23.2,267.0,63.0,23.6,73.0,73.0,65.0,8.9,90.0,75.0,63.0,6.1,"(40.818413, -73.9503019)"
105,06M552,Gregorio Luperon High School for Science and Mamatics,501 West 165Th,New York,56.0,339.0,349.0,326.0,91.0,11.0,12.1,91.0,11.0,12.1,70.0,64.0,56.0,8.2,46.0,76.0,52.0,7.5,"(40.8383948, -73.93855719999999)"
106,07X221,South Bronx Preparatory: A College Board School,360 East 145 Street,Bronx,65.0,364.0,378.0,348.0,80.0,10.0,12.5,80.0,10.0,12.5,91.0,86.0,63.0,7.9,82.0,89.0,63.0,7.1,"(40.8137232, -73.9206427)"
109,07X334,International Community High School,345 Brook Avenue,Bronx,34.0,310.0,324.0,311.0,10.0,,,10.0,,,55.0,31.0,28.0,7.7,86.0,47.0,41.0,7.1,"(40.8102834, -73.91810079999999)"
110,07X427,Community School for Social Justice,350 Gerard Avenue,Bronx,43.0,361.0,359.0,357.0,,,,,,,78.0,69.0,53.0,8.3,86.0,60.0,60.0,7.5,"(40.8156492, -73.93043220000001)"
111,07X473,Mott Haven Village Preparatory High School,701 St. Anns Avenue,Bronx,63.0,351.0,375.0,371.0,69.0,0.0,0.0,69.0,0.0,0.0,79.0,51.0,42.0,7.5,79.0,65.0,39.0,7.1,"(40.8181071, -73.9114331)"
112,07X495,University Heights Secondary School,701 St. Anns Avenue,Bronx,79.0,403.0,394.0,404.0,,,,,,,99.0,85.0,69.0,7.9,99.0,89.0,71.0,6.4,"(40.8181071, -73.9114331)"
113,07X500,Hostos-Lincoln Academy of Science,600 Saint Ann'S Avenue,Bronx,66.0,420.0,426.0,411.0,61.0,25.0,41.0,61.0,25.0,41.0,82.0,75.0,76.0,7.2,77.0,79.0,74.0,6.7,"(40.8145265, -73.9123068)"
114,07X520,Foreign Language Academy of Global Studies,470 Jackson Avenue,Bronx,64.0,399.0,396.0,391.0,136.0,19.0,14.0,136.0,19.0,14.0,62.0,48.0,34.0,6.8,65.0,53.0,57.0,6.1,"(40.8109323, -73.9093063)"
115,07X522,Bronx Design and Construction Academy,333 East 151 Street,Bronx,,,,,,,,,,,61.0,,,7.9,72.0,,,7.3,"(40.8185183, -73.91996809999999)"
116,07X527,Bronx Leadership Academy II High School,730 Concourse Village West,Bronx,62.0,362.0,378.0,363.0,102.0,10.0,9.8,102.0,10.0,9.8,91.0,62.0,55.0,7.3,77.0,65.0,37.0,6.5,"(40.8225734, -73.9235453)"
117,07X547,New Explorers High School,730 Concourse Village West,Bronx,28.0,367.0,356.0,361.0,81.0,4.0,4.9,81.0,5.0,6.2,66.0,54.0,25.0,7.4,69.0,58.0,20.0,6.6,"(40.8225734, -73.9235453)"
118,07X548,Urban Assembly School for Careers in Sports,730 Concourse Village West,Bronx,44.0,387.0,411.0,383.0,82.0,2.0,2.4,82.0,3.0,3.7,85.0,68.0,48.0,7.6,87.0,73.0,55.0,6.9,"(40.8225734, -73.9235453)"
119,07X551, Urban Assembly Bronx Academy of Letters,339 Morris Avenue,Bronx,51.0,413.0,381.0,407.0,76.0,7.0,9.2,76.0,7.0,9.2,68.0,87.0,65.0,6.9,65.0,78.0,66.0,6.5,"(40.81366, -73.92599899999999)"
120,07X600,Alfred E. Smith Career and Technical Education High School,333 East 151 Street,Bronx,76.0,394.0,400.0,364.0,267.0,6.0,2.2,267.0,6.0,2.2,75.0,51.0,23.0,6.8,77.0,56.0,15.0,6.2,"(40.8185183, -73.91996809999999)"
121,07X670,Health Opportunities High School,350 Gerard Avenue,Bronx,114.0,363.0,368.0,364.0,134.0,19.0,14.2,134.0,20.0,14.9,68.0,69.0,54.0,7.2,57.0,74.0,63.0,6.2,"(40.8156492, -73.93043220000001)"
122,08X269,Bronx Studio School for Writers and Artists,928 Simpson Street,Bronx,,,,,,,,,,,75.0,70.0,,7.4,43.0,,,7.0,"(40.8203318, -73.8929654)"
123,08X282,Women's Academy of Excellence,456 White Plains Road,Bronx,44.0,407.0,386.0,378.0,75.0,10.0,13.3,75.0,11.0,14.7,63.0,66.0,43.0,5.3,61.0,68.0,74.0,5.7,"(40.8150398, -73.85609869999999)"
124,08X293,Renaissance High School for Musical ater & Technology,3000 East Tremont Avenue,Bronx,52.0,384.0,385.0,389.0,117.0,10.0,8.5,117.0,11.0,9.4,80.0,80.0,41.0,7.1,74.0,66.0,39.0,6.6,"(40.8401731, -73.8393567)"
125,08X305,Pablo Neruda Academy,1980 Lafayette Avenue,Bronx,67.0,337.0,361.0,340.0,101.0,7.0,6.9,101.0,7.0,6.9,82.0,61.0,27.0,7.4,71.0,61.0,38.0,7.0,"(40.8213444, -73.85567329999999)"
126,08X312,Millennium Art Academy,1980 Lafayette Avenue,Bronx,67.0,387.0,402.0,375.0,108.0,7.0,6.5,108.0,7.0,6.5,89.0,66.0,34.0,7.2,86.0,61.0,28.0,6.4,"(40.8213444, -73.85567329999999)"
128,08X332,Holcombe L. Rucker School of Community Research,965 Longwood Avenue,Bronx,39.0,363.0,371.0,350.0,89.0,11.0,12.4,89.0,11.0,12.4,74.0,51.0,27.0,7.4,66.0,52.0,37.0,6.7,"(40.8177403, -73.8979421)"
131,08X367,Archimedes Academy for Math Science and Technology Applications,456 White Plains Road,Bronx,,,,,,,,,,,76.0,,,6.5,74.0,,,6.3,"(40.8150398, -73.85609869999999)"
132,08X376,Antonia Pantoja Preparatory Academy: A College Board School,1980 Lafayette Avenue,Bronx,,,,,,,,,,,62.0,,,6.4,49.0,,,6.3,"(40.8213444, -73.85567329999999)"
133,08X405,Herbert H. Lehman High School.,3000 East Tremont Avenue,Bronx,415.0,412.0,436.0,393.0,1092.0,181.0,16.6,1092.0,193.0,17.7,55.0,54.0,33.0,6.3,47.0,50.0,34.0,6.3,"(40.8401731, -73.8393567)"
134,08X432,BRONX BRIDGES HIGH SCHOOL,1980 Lafayette Avenue,Bronx,,,,,,,,,,,84.0,,,7.6,90.0,,,6.6,"(40.8213444, -73.85567329999999)"
135,08X452,Bronx Guild,1980 Lafayette Avenue,Bronx,39.0,369.0,371.0,365.0,64.0,1.0,1.6,64.0,1.0,1.6,79.0,52.0,45.0,7.2,73.0,64.0,40.0,6.9,"(40.8213444, -73.85567329999999)"
136,08X519,Felisa Rincon de Gautier Institute for Law and Public Policy ,1440 Story Avenue,Bronx,68.0,373.0,370.0,356.0,99.0,0.0,0.0,99.0,0.0,0.0,75.0,43.0,32.0,7.0,81.0,66.0,35.0,6.2,"(40.8211129, -73.88058219999999)"
137,08X530,Banana Kelly High School,965 Longwood Avenue,Bronx,54.0,373.0,381.0,377.0,,,,,,,80.0,42.0,33.0,7.7,71.0,49.0,32.0,6.6,"(40.8177403, -73.8979421)"
138,08X558,Westchester Square Academy,3000 East Tremont Avenue,Bronx,,,,,,,,,,,76.0,,,6.4,,,,,"(40.8401731, -73.8393567)"
139,08X559,School for Tourism and Hospitality,900 Tinton Avenue,Bronx,,,,,,,,,,,77.0,,,7.4,,,,,"(40.82185070000001, -73.9028489)"
140,08X561,Bronx Compass High School,1980 Lafayette Avenue,Bronx,,,,,,,,,,,82.0,,,7.8,,,,,"(40.8213444, -73.85567329999999)"
141,09X227,Bronx Collegiate Academy,240 East 172 Street,Bronx,39.0,324.0,376.0,349.0,96.0,2.0,2.1,96.0,2.0,2.1,69.0,57.0,34.0,8.3,80.0,56.0,37.0,7.4,"(40.83965449999999, -73.911386)"
142,09X231,Eagle Academy for Young Men,4143 Third Avenue,Bronx,78.0,373.0,387.0,374.0,100.0,14.0,14.0,100.0,14.0,14.0,69.0,68.0,58.0,7.3,67.0,73.0,53.0,6.7,"(40.845324, -73.89739229999999)"
143,09X241,Urban Assembly School for Applied Math and Science ,1595 Bathgate Avenue,Bronx,80.0,411.0,464.0,415.0,,,,,,,84.0,89.0,92.0,7.4,77.0,94.0,86.0,6.6,"(40.8394571, -73.9018947)"
144,09X250,Eximius College Preparatory Academy: A College Board School,1363 Fulton Avenue,Bronx,50.0,393.0,394.0,382.0,60.0,9.0,15.0,60.0,9.0,15.0,77.0,82.0,46.0,8.0,74.0,82.0,50.0,6.8,"(40.8339721, -73.9027472)"
145,09X252,Mott Hall Bronx High School,1595 Bathgate Avenue,Bronx,67.0,369.0,367.0,356.0,107.0,3.0,2.8,107.0,3.0,2.8,83.0,85.0,65.0,7.6,84.0,82.0,68.0,6.8,"(40.8394571, -73.9018947)"
146,09X260,Bronx Center for Science and Mamatics,1363 Fulton Avenue,Bronx,81.0,459.0,480.0,457.0,100.0,59.0,59.0,100.0,61.0,61.0,92.0,92.0,78.0,8.0,88.0,88.0,66.0,7.4,"(40.8339721, -73.9027472)"
147,09X263,Validus Preparatory Academy: An Expeditionary Learning School,1595 Bathgate Avenue,Bronx,74.0,356.0,363.0,356.0,120.0,4.0,3.3,120.0,4.0,3.3,89.0,65.0,41.0,8.0,74.0,65.0,40.0,7.2,"(40.8394571, -73.9018947)"
148,09X276,Leadership Institute,1701 Fulton Avenue,Bronx,30.0,361.0,353.0,367.0,67.0,5.0,7.5,67.0,5.0,7.5,51.0,56.0,28.0,7.6,50.0,45.0,39.0,6.9,"(40.841139, -73.8982612)"
149,09X297,Morris Academy for Collaborative Studies,1110 Boston Road,Bronx,38.0,386.0,386.0,376.0,99.0,10.0,10.1,99.0,10.0,10.1,71.0,63.0,34.0,7.2,80.0,64.0,30.0,6.5,"(40.8273033, -73.9045097)"
150,09X324,Bronx Early College Academy for Teaching & Learning,250 East 164 Street,Bronx,,,,,,,,,,,94.0,94.0,,7.1,85.0,,,6.6,"(40.8283139, -73.91756529999999)"
151,09X327,Comprehensive Model School Project M.S. 327,1501 Jerome Avenue,Bronx,,,,,,,,,,,90.0,,,7.7,,,,6.8,"(40.8428109, -73.916384)"
152,09X329,DreamYard Preparatory School,240 East 172 Street,Bronx,51.0,382.0,365.0,391.0,93.0,10.0,10.8,93.0,12.0,12.9,77.0,33.0,37.0,7.3,74.0,54.0,34.0,6.7,"(40.83965449999999, -73.911386)"
154,09X365,Academy for Language and Technology,1700 Macombs Road,Bronx,54.0,315.0,339.0,297.0,,,,,,,98.0,86.0,42.0,7.8,96.0,82.0,31.0,7.0,"(40.8493122, -73.91565299999999)"
155,09X403,Bronx International High School,1110 Boston Road,Bronx,49.0,314.0,312.0,339.0,88.0,8.0,9.1,88.0,9.0,10.2,88.0,50.0,45.0,7.8,90.0,63.0,41.0,7.2,"(40.8273033, -73.9045097)"
156,09X404,School for Excellence,1110 Boston Road,Bronx,32.0,363.0,360.0,351.0,108.0,6.0,5.6,108.0,6.0,5.6,73.0,62.0,27.0,6.9,77.0,57.0,29.0,7.0,"(40.8273033, -73.9045097)"
157,09X412,Bronx High School of Business,240 East 172 Street,Bronx,34.0,356.0,376.0,351.0,110.0,11.0,10.0,110.0,11.0,10.0,70.0,43.0,34.0,7.1,71.0,43.0,30.0,6.4,"(40.83965449999999, -73.911386)"
158,09X413,Bronx High School for Medical Science,240 East 172 Street,Bronx,64.0,400.0,419.0,402.0,103.0,35.0,34.0,103.0,35.0,34.0,94.0,88.0,84.0,7.1,76.0,93.0,57.0,6.2,"(40.83965449999999, -73.911386)"
159,09X505,Bronx School for Law Government and Justice,244 East 163 Street,Bronx,80.0,404.0,418.0,402.0,122.0,8.0,6.6,122.0,8.0,6.6,71.0,84.0,66.0,6.5,73.0,74.0,62.0,6.5,"(40.827572, -73.9189269)"
160,09X517,Frederick Douglass Academy III Secondary School,3630 Third Avenue,Bronx,50.0,368.0,384.0,369.0,87.0,14.0,16.1,87.0,14.0,16.1,66.0,69.0,49.0,7.1,68.0,79.0,52.0,7.0,"(40.8338896, -73.9038894)"
161,09X525,Bronx Leadership Academy High School,1710 Webster Avenue,Bronx,114.0,384.0,394.0,388.0,178.0,27.0,15.2,178.0,27.0,15.2,74.0,57.0,48.0,7.0,64.0,70.0,42.0,6.6,"(40.8433729, -73.9030014)"
162,09X543,High School for Violin and Dance,1110 Boston Road,Bronx,27.0,353.0,315.0,371.0,47.0,4.0,8.5,47.0,4.0,8.5,87.0,49.0,41.0,6.8,71.0,71.0,33.0,6.4,"(40.8273033, -73.9045097)"
163,09X564,Claremont International HS,240 East 172 Street,Bronx,,,,,,,,,,,94.0,,,8.3,,,,,"(40.83965449999999, -73.911386)"
164,10X141,Riverdale / Kingsbridge Academy (Middle School / High School 141),660 West 237 Street,Bronx,113.0,438.0,455.0,440.0,135.0,36.0,26.7,135.0,36.0,26.7,78.0,78.0,67.0,6.7,78.0,84.0,82.0,6.5,"(40.8877008, -73.91360499999999)"
165,10X213,Bronx Engineering and Technology Academy,99 Terrace View Avenue,Bronx,86.0,373.0,412.0,365.0,73.0,11.0,15.1,73.0,11.0,15.1,80.0,74.0,44.0,6.8,70.0,70.0,46.0,6.4,"(40.8771416, -73.91268389999999)"
166,10X225,atre Arts Production Company School,2225 Webster Avenue,Bronx,59.0,405.0,391.0,394.0,62.0,12.0,19.4,62.0,12.0,19.4,84.0,83.0,67.0,7.3,85.0,83.0,78.0,6.7,"(40.8546548, -73.8970362)"
167,10X237, Marie Curie School for Medicine Nursing and Health Professions,120 West 231 Street,Bronx,79.0,382.0,393.0,382.0,67.0,1.0,1.5,67.0,1.0,1.5,84.0,67.0,66.0,6.5,85.0,78.0,40.0,6.1,"(40.87545069999999, -73.90151639999999)"
168,10X243,West Bronx Academy for  Future,500 East Fordham Road,Bronx,26.0,382.0,406.0,370.0,72.0,5.0,6.9,72.0,5.0,6.9,75.0,74.0,38.0,6.8,76.0,67.0,46.0,6.3,"(40.85954230000001, -73.8885964)"
170,10X268,Kingsbridge International High School,2780 Reservoir Avenue,Bronx,52.0,304.0,356.0,302.0,118.0,4.0,3.4,118.0,4.0,3.4,78.0,48.0,47.0,7.8,81.0,48.0,31.0,7.2,"(40.8705477, -73.8972153)"
171,10X284,Bronx School of Law and Finance,99 Terrace View Avenue,Bronx,54.0,402.0,395.0,385.0,99.0,8.0,8.1,99.0,8.0,8.1,62.0,66.0,47.0,7.1,68.0,72.0,44.0,6.6,"(40.8771416, -73.91268389999999)"
172,10X342,International School for Liberal Arts,2780 Reservoir Avenue,Bronx,49.0,300.0,333.0,301.0,83.0,7.0,8.4,83.0,7.0,8.4,86.0,65.0,38.0,8.3,72.0,71.0,34.0,7.3,"(40.8705477, -73.8972153)"
175,10X368,In-Tech Academy (M.S. / High School 368),2975 Tibbett Avenue,Bronx,111.0,390.0,408.0,383.0,115.0,17.0,14.8,115.0,18.0,15.7,69.0,69.0,68.0,7.2,70.0,84.0,59.0,6.8,"(40.8795979, -73.9096174)"
176,10X374,Knowledge and Power Preparatory Academy International High School (Kappa),500 East Fordham Road,Bronx,61.0,392.0,401.0,387.0,2.0,,,2.0,,,86.0,85.0,61.0,7.9,90.0,75.0,79.0,7.4,"(40.85954230000001, -73.8885964)"
177,10X433,High School for Teaching and  Professions,2780 Reservoir Avenue,Bronx,57.0,370.0,371.0,365.0,134.0,5.0,3.7,134.0,5.0,3.7,73.0,68.0,30.0,6.6,73.0,53.0,53.0,6.2,"(40.8705477, -73.8972153)"
178,10X434,Belmont Preparatory High School,500 East Fordham Road,Bronx,51.0,404.0,418.0,400.0,96.0,3.0,3.1,96.0,3.0,3.1,86.0,65.0,34.0,6.7,81.0,66.0,47.0,6.3,"(40.85954230000001, -73.8885964)"
179,10X437,Fordham High School for  Arts,500 East Fordham Road,Bronx,48.0,355.0,350.0,372.0,82.0,5.0,6.1,82.0,5.0,6.1,88.0,85.0,33.0,7.9,85.0,76.0,32.0,7.7,"(40.85954230000001, -73.8885964)"
180,10X438,Fordham Leadership Academy for Business and Technology,500 East Fordham Road,Bronx,63.0,367.0,385.0,367.0,144.0,11.0,7.6,144.0,11.0,7.6,78.0,38.0,31.0,7.0,69.0,53.0,38.0,5.6,"(40.85954230000001, -73.8885964)"
181,10X439,Bronx High School for Law and Community Service,500 East Fordham Road,Bronx,65.0,366.0,364.0,352.0,115.0,9.0,7.8,115.0,9.0,7.8,78.0,68.0,45.0,7.4,61.0,59.0,30.0,6.6,"(40.85954230000001, -73.8885964)"
182,10X440,DeWitt Clinton High School,100 West Mosholu Parkway South,Bronx,443.0,419.0,426.0,410.0,1013.0,158.0,15.6,1013.0,162.0,16.0,53.0,55.0,34.0,6.3,51.0,50.0,40.0,5.8,"(40.8813441, -73.88728669999999)"
183,10X442,Celia Cruz Bronx High School of Music ,2780 Reservoir Avenue,Bronx,52.0,423.0,420.0,427.0,82.0,16.0,19.5,82.0,16.0,19.5,78.0,87.0,54.0,7.2,78.0,82.0,62.0,6.7,"(40.8705477, -73.8972153)"
184,10X445,Bronx High School of Science,75 West 205 Street,Bronx,731.0,632.0,688.0,649.0,668.0,650.0,97.3,668.0,656.0,98.2,100.0,100.0,100.0,7.4,100.0,100.0,100.0,6.9,"(40.87766209999999, -73.89105529999999)"
185,10X477,Marble Hill High School for International Studies,99 Terrace View Avenue,Bronx,99.0,414.0,435.0,414.0,107.0,43.0,40.2,107.0,43.0,40.2,92.0,90.0,74.0,7.7,93.0,92.0,63.0,7.1,"(40.8771416, -73.91268389999999)"
186,10X524,Crotona International High School,2474 Crotona Avenue,Bronx,,,,,,,,,,,43.0,,,7.5,74.0,,,7.0,"(40.8553275, -73.88241090000001)"
187,10X546,Bronx atre High School,99 Terrace View Avenue,Bronx,68.0,348.0,362.0,354.0,108.0,9.0,8.3,108.0,10.0,9.3,74.0,74.0,50.0,8.3,71.0,73.0,41.0,6.7,"(40.8771416, -73.91268389999999)"
188,10X549,Discovery High School,2780 Reservoir Avenue,Bronx,55.0,372.0,379.0,364.0,96.0,5.0,5.2,96.0,5.0,5.2,76.0,57.0,37.0,6.9,75.0,54.0,45.0,6.6,"(40.8705477, -73.8972153)"
189,10X565,High School for Energy and Technology,2474 Crotona Avenue,Bronx,,,,,,,,,,,89.0,,,8.1,,,,,"(40.8553275, -73.88241090000001)"
190,10X696,High School of American Studies at Lehman College,2925 Goulden Avenue,Bronx,92.0,636.0,648.0,636.0,78.0,74.0,94.9,78.0,75.0,96.2,98.0,100.0,99.0,8.1,100.0,100.0,99.0,7.9,"(40.8748282, -73.8952168)"
191,11X249,Bronx Health Sciences High School,750 Baychester Avenue,Bronx,74.0,370.0,381.0,382.0,58.0,2.0,3.4,58.0,2.0,3.4,78.0,98.0,67.0,6.3,80.0,97.0,74.0,6.4,"(40.8740855, -73.8320957)"
192,11X253,Bronx High School for Writing and Communication Arts,800 East Gun Hill Road,Bronx,46.0,400.0,357.0,390.0,118.0,10.0,8.5,118.0,11.0,9.3,81.0,54.0,27.0,7.2,71.0,57.0,33.0,6.5,"(40.8751075, -73.86165249999999)"
193,11X265,Bronx Lab School,800 East Gun Hill Road,Bronx,81.0,377.0,391.0,367.0,94.0,5.0,5.3,94.0,6.0,6.4,81.0,66.0,39.0,6.8,87.0,58.0,42.0,6.6,"(40.8751075, -73.86165249999999)"
194,11X270,Academy for Scholarship and Entrepreneurship: A College Board School,921 East 228Th Street,Bronx,56.0,386.0,394.0,361.0,65.0,4.0,6.2,65.0,4.0,6.2,80.0,74.0,34.0,6.6,81.0,70.0,41.0,5.9,"(40.8879098, -73.8524877)"
195,11X275,High School of Computers and Technology,800 East Gun Hill Road,Bronx,72.0,381.0,376.0,354.0,90.0,11.0,12.2,90.0,11.0,12.2,86.0,85.0,67.0,7.8,89.0,82.0,52.0,6.9,"(40.8751075, -73.86165249999999)"
196,11X288,Collegiate Institute for Math and Science,925 Astor Avenue,Bronx,97.0,444.0,471.0,433.0,121.0,37.0,30.6,121.0,37.0,30.6,77.0,89.0,81.0,7.8,82.0,90.0,61.0,7.3,"(40.8603116, -73.8602433)"
197,11X290,Bronx Academy of Health Careers,800 East Gun Hill Road,Bronx,69.0,387.0,365.0,383.0,99.0,8.0,8.1,99.0,8.0,8.1,76.0,66.0,67.0,6.6,78.0,74.0,62.0,5.9,"(40.8751075, -73.86165249999999)"
198,11X299,Astor Collegiate Academy,925 Astor Avenue,Bronx,60.0,387.0,391.0,391.0,111.0,4.0,3.6,111.0,4.0,3.6,80.0,63.0,45.0,6.3,82.0,69.0,41.0,6.2,"(40.8603116, -73.8602433)"
199,11X418,Bronx High School for  Visual Arts,2040 Antin Pl,Bronx,48.0,419.0,433.0,416.0,95.0,13.0,13.7,95.0,13.0,13.7,66.0,58.0,35.0,7.5,57.0,62.0,37.0,6.3,"(40.8517465, -73.8645056)"
200,11X455,Harry S Truman High School,750 Baychester Avenue,Bronx,189.0,386.0,397.0,368.0,565.0,51.0,9.0,565.0,52.0,9.2,67.0,58.0,34.0,7.1,61.0,65.0,32.0,6.7,"(40.8740855, -73.8320957)"
201,11X508,Bronxdale High School,925 Astor Avenue,Bronx,,,,,,,,,,,85.0,,,7.0,87.0,,,6.4,"(40.8603116, -73.8602433)"
202,11X509,High School of Language and Innovation,925 Astor Avenue,Bronx,,,,,,,,,,,61.0,,,8.2,81.0,,,8.3,"(40.8603116, -73.8602433)"
203,11X513,New World High School,921 East 228Th Street,Bronx,72.0,332.0,381.0,335.0,62.0,11.0,17.7,62.0,11.0,17.7,85.0,84.0,57.0,7.7,91.0,74.0,50.0,7.1,"(40.8879098, -73.8524877)"
204,11X514, Bronxwood Preparatory Academy,921 East 228Th Street,Bronx,48.0,377.0,372.0,363.0,66.0,2.0,3.0,66.0,2.0,3.0,74.0,57.0,24.0,7.1,70.0,50.0,28.0,6.5,"(40.8879098, -73.8524877)"
205,11X542,Pelham Preparatory Academy,925 Astor Avenue,Bronx,76.0,431.0,438.0,419.0,111.0,29.0,26.1,111.0,29.0,26.1,81.0,95.0,83.0,7.4,79.0,91.0,83.0,7.0,"(40.8603116, -73.8602433)"
206,11X544,High School for Contemporary Arts,800 East Gun Hill Road,Bronx,55.0,383.0,378.0,365.0,118.0,6.0,5.1,118.0,6.0,5.1,83.0,71.0,57.0,6.6,80.0,72.0,49.0,6.4,"(40.8751075, -73.86165249999999)"
207,11X545,Bronx Aerospace High School,800 East Gun Hill Road,Bronx,46.0,388.0,393.0,382.0,70.0,6.0,8.6,70.0,6.0,8.6,66.0,74.0,58.0,6.1,76.0,75.0,56.0,5.9,"(40.8751075, -73.86165249999999)"
208,12X242,Mott Hall V,1551 East 172Nd Street,Bronx,,,,,,,,,,,79.0,,,7.9,68.0,,,7.1,"(40.8316935, -73.8774638)"
209,12X248,Metropolitan High School ,1180 Rev. J.A. Polite Ave.,Bronx,49.0,347.0,367.0,341.0,104.0,4.0,3.8,104.0,4.0,3.8,77.0,71.0,42.0,7.6,87.0,75.0,53.0,7.2,"(40.82771899999999, -73.8970008)"
210,12X251,Explorations Academy,1619 Boston Road,Bronx,57.0,381.0,381.0,360.0,69.0,0.0,0.0,69.0,0.0,0.0,78.0,55.0,41.0,7.5,68.0,63.0,42.0,6.9,"(40.8358091, -73.8911153)"
211,12X267,Bronx Latin,800 Home Street,Bronx,36.0,408.0,432.0,411.0,2.0,,,2.0,,,87.0,73.0,63.0,8.6,81.0,77.0,70.0,8.8,"(40.8271204, -73.9008891)"
212,12X271,East Bronx Academy for  Future,1716 Southern Boulevard,Bronx,46.0,366.0,378.0,358.0,74.0,1.0,1.4,74.0,1.0,1.4,77.0,70.0,46.0,7.5,72.0,75.0,42.0,6.9,"(40.8368876, -73.8876377)"
213,12X278,Peace and Diversity Academy,1180 Rev. J.A. Polite Ave.,Bronx,34.0,390.0,401.0,364.0,96.0,4.0,4.2,96.0,4.0,4.2,59.0,43.0,23.0,9.2,50.0,42.0,21.0,8.7,"(40.82771899999999, -73.8970008)"
214,12X372,Urban Assembly School for Wildlife Conservation,2024 Mohegan Avenue,Bronx,,,,,,,,,,,85.0,,,7.1,69.0,,,6.8,"(40.8439832, -73.88448509999999)"
215,12X388,Pan American International High School at Monroe,1300 Boynton Avenue,Bronx,30.0,321.0,351.0,298.0,,,,,,,91.0,68.0,31.0,8.7,94.0,58.0,,8.0,"(40.83212779999999, -73.87772149999999)"
216,12X478,THE CINEMA SCHOOL,1551 East 172Nd Street,Bronx,,,,,,,,,,,98.0,97.0,,7.9,99.0,,,7.8,"(40.8316935, -73.8774638)"
217,12X479,Bronx Career and College Preparatory High School,800 Home Street,Bronx,,,,,,,,,,,41.0,60.0,,7.4,63.0,,,6.5,"(40.8271204, -73.9008891)"
218,12X511,Bronx Envision Academy,1619 Boston Road,Bronx,,,,,,,,,,,91.0,,,7.3,80.0,,,6.6,"(40.8358091, -73.8911153)"
219,12X521, Metropolitan Soundview High School,1300 Boynton Avenue,Bronx,,,,,,,,,,,82.0,,,7.6,79.0,,,7.6,"(40.83212779999999, -73.87772149999999)"
220,12X550,High School of World Cultures,1300 Boynton Avenue,Bronx,42.0,304.0,323.0,312.0,52.0,4.0,7.7,52.0,4.0,7.7,70.0,47.0,29.0,8.0,76.0,58.0,43.0,7.1,"(40.83212779999999, -73.87772149999999)"
221,12X682,Fannie Lou Hamer Freedom High School,1021 Jennings Street,Bronx,72.0,342.0,346.0,341.0,,,,,,,74.0,66.0,44.0,7.4,72.0,59.0,31.0,6.8,"(40.8310478, -73.88560199999999)"
222,12X684,Wings Academy,1122 East 180 Street,Bronx,66.0,378.0,374.0,362.0,,,,,,,65.0,65.0,38.0,6.8,69.0,57.0,29.0,6.3,"(40.8416248, -73.8751818)"
223,12X692,Monroe Academy for Visual Arts & Design,1300 Boynton Avenue,Bronx,43.0,332.0,357.0,349.0,112.0,2.0,1.8,112.0,2.0,1.8,61.0,45.0,27.0,6.4,66.0,42.0,25.0,6.3,"(40.83212779999999, -73.87772149999999)"
224,13K265,Dr. Susan S. McKinney Secondary School of  Arts,101 Park Avenue,Brooklyn,29.0,352.0,349.0,373.0,81.0,5.0,6.2,81.0,5.0,6.2,83.0,63.0,44.0,7.2,75.0,80.0,51.0,6.7,"(40.6967378, -73.9760388)"
225,13K350,Urban Assembly High School of Music and Art,49 Flatbush Avenue Extension,Brooklyn,52.0,360.0,364.0,356.0,96.0,6.0,6.3,96.0,6.0,6.3,88.0,49.0,47.0,7.7,70.0,61.0,60.0,6.9,"(40.697313, -73.9846925)"
226,13K412,Brooklyn Community High School of Communication Arts and Media,300 Willoughby Avenue,Brooklyn,37.0,375.0,355.0,384.0,78.0,1.0,1.3,78.0,2.0,2.6,81.0,70.0,44.0,7.3,88.0,65.0,46.0,7.0,"(40.6924651, -73.9582495)"
227,13K419,Science Skills Center High School for Science Technology and  Creative Arts,49 Flatbush Avenue Extension,Brooklyn,92.0,399.0,417.0,395.0,231.0,23.0,10.0,231.0,25.0,10.8,87.0,69.0,51.0,5.5,84.0,74.0,57.0,6.0,"(40.697313, -73.9846925)"
228,13K430,Brooklyn Technical High School,29 Ft Greene Place,Brooklyn,1277.0,587.0,659.0,587.0,1097.0,967.0,88.1,1097.0,1001.0,91.2,99.0,98.0,83.0,7.1,97.0,96.0,95.0,6.7,"(40.6888729, -73.9764096)"
229,13K439,Brooklyn International High School,49 Flatbush Avenue Extension,Brooklyn,90.0,305.0,364.0,312.0,,,,,,,98.0,85.0,64.0,8.6,89.0,82.0,54.0,8.2,"(40.697313, -73.9846925)"
230,13K483, Urban Assembly School for Law and Justice,283 Adams Street,Brooklyn,105.0,400.0,417.0,389.0,109.0,29.0,26.6,109.0,29.0,26.6,87.0,89.0,82.0,7.3,84.0,91.0,83.0,7.0,"(38.6546161, -90.1675195)"
231,13K499,ACORN Community High School,561 Grand Avenue,Brooklyn,72.0,384.0,364.0,368.0,169.0,6.0,3.6,169.0,6.0,3.6,72.0,71.0,43.0,7.5,70.0,72.0,39.0,7.2,"(40.6785497, -73.9618773)"
232,13K527,Urban Assembly Institute of Math and Science for Young Women,283 Adams Street,Brooklyn,,,,,,,,,,,72.0,78.0,,7.5,81.0,,,6.8,"(38.6546161, -90.1675195)"
233,13K595,Bedford Academy High School,1119 Bedford Avenue,Brooklyn,89.0,438.0,443.0,431.0,76.0,35.0,46.1,76.0,35.0,46.1,99.0,95.0,82.0,8.0,99.0,97.0,76.0,7.2,"(40.6854319, -73.9540245)"
234,13K605,George Westinghouse Career and Technical Education High School,105 Johnson Street,Brooklyn,85.0,406.0,391.0,392.0,246.0,4.0,1.6,246.0,4.0,1.6,75.0,67.0,33.0,6.8,74.0,62.0,47.0,5.8,"(40.6949227, -73.9859038)"
235,13K670,Benjamin Banneker Academy,71-77 Clinton Avenue,Brooklyn,185.0,471.0,472.0,448.0,234.0,92.0,39.3,234.0,93.0,39.7,91.0,95.0,76.0,7.0,89.0,94.0,72.0,6.5,"(40.6953677, -73.9688206)"
236,13K674,City Polytechnic High School of Engineering Architecture and Technology,105 Johnson Street,Brooklyn,20.0,441.0,499.0,413.0,,,,,,,89.0,83.0,,7.5,84.0,,,6.8,"(40.6949227, -73.9859038)"
237,14K071,Juan Morel Campos Secondary School,215 Heyward Street,Brooklyn,102.0,365.0,361.0,359.0,100.0,4.0,4.0,100.0,5.0,5.0,68.0,48.0,30.0,7.7,54.0,46.0,36.0,6.6,"(40.7041207, -73.9533388)"
238,14K322,Foundations Academy,70 Tompkins Avenue,Brooklyn,,,,,60.0,5.0,8.3,60.0,5.0,8.3,48.0,20.0,6.0,6.4,47.0,26.0,25.0,6.1,"(40.6968241, -73.9473055)"
239,14K449,Brooklyn Latin School ,223 Graham Avenue,Brooklyn,72.0,586.0,584.0,570.0,51.0,37.0,72.5,51.0,38.0,74.5,95.0,100.0,87.0,7.9,98.0,99.0,86.0,7.6,"(40.7097993, -73.9441196)"
240,14K454,Green School: An Academy for Environmental Careers,223 Graham Avenue,Brooklyn,41.0,407.0,386.0,396.0,96.0,4.0,4.2,96.0,4.0,4.2,81.0,49.0,30.0,6.8,83.0,69.0,42.0,6.5,"(40.7097993, -73.9441196)"
241,14K474,PROGRESS High School for Professional Careers,850 Grand Street,Brooklyn,144.0,364.0,379.0,371.0,207.0,14.0,6.8,207.0,14.0,6.8,72.0,59.0,44.0,7.5,70.0,75.0,40.0,6.5,"(40.7118806, -73.94033809999999)"
242,14K477,School for Legal Studies,850 Grand Street,Brooklyn,134.0,413.0,396.0,395.0,146.0,12.0,8.2,146.0,12.0,8.2,55.0,43.0,45.0,6.8,56.0,69.0,52.0,6.6,"(40.7118806, -73.94033809999999)"
243,14K478, High School for Enterprise Business and Technology,850 Grand Street,Brooklyn,142.0,398.0,421.0,396.0,161.0,16.0,9.9,161.0,16.0,9.9,80.0,73.0,50.0,7.2,83.0,77.0,54.0,6.1,"(40.7118806, -73.94033809999999)"
244,14K488,Brooklyn Preparatory High School,257 North 6 Street,Brooklyn,42.0,367.0,373.0,350.0,75.0,8.0,10.7,75.0,8.0,10.7,90.0,74.0,54.0,7.1,90.0,76.0,62.0,6.5,"(38.6604476, -90.167141)"
245,14K558,Williamsburg High School for Architecture and Design,257 North 6 Street,Brooklyn,72.0,363.0,385.0,364.0,97.0,13.0,13.4,97.0,13.0,13.4,93.0,90.0,52.0,8.8,94.0,88.0,48.0,7.2,"(38.6604476, -90.167141)"
246,14K561,Williamsburg Preparatory School,257 North 6 Street,Brooklyn,113.0,397.0,410.0,380.0,108.0,15.0,13.9,108.0,17.0,15.7,93.0,89.0,67.0,8.1,93.0,91.0,73.0,7.3,"(38.6604476, -90.167141)"
247,14K586,Lyons Community School,223 Graham Avenue,Brooklyn,31.0,371.0,377.0,355.0,4.0,,,4.0,,,74.0,60.0,35.0,7.3,73.0,65.0,46.0,6.8,"(40.7097993, -73.9441196)"
248,14K610,Automotive High School,50 Bedford Avenue,Brooklyn,94.0,367.0,376.0,350.0,233.0,3.0,1.3,233.0,3.0,1.3,59.0,45.0,38.0,6.9,59.0,64.0,26.0,6.2,"(40.7222582, -73.9535961)"
249,14K614,Young Women's Leadership School of Brooklyn,325 Bushwick Avenue,Brooklyn,,,,,,,,,,,86.0,,,7.8,73.0,,,7.2,"(40.70497599999999, -73.938767)"
250,14K632,Frances Perkins Academy,50 Bedford Avenue,Brooklyn,12.0,382.0,372.0,368.0,,,,,,,92.0,46.0,31.0,7.6,95.0,60.0,,6.6,"(40.7222582, -73.9535961)"
251,14K685,El Puente Academy for Peace and Justice,250 Hooper Street,Brooklyn,28.0,359.0,335.0,341.0,,,,,,,90.0,78.0,34.0,7.9,87.0,68.0,36.0,7.3,"(40.7056895, -73.9556959)"
252,15K423,Brooklyn Frontiers High School,112 Schermerhorn Street,Brooklyn,,,,,,,,,,,,,,6.9,,,,6.6,"(40.6900097, -73.9892637)"
253,15K429,Brooklyn School for Global Studies,284 Baltic Street,Brooklyn,52.0,361.0,367.0,383.0,,,,,,,88.0,75.0,54.0,6.9,84.0,65.0,49.0,6.3,"(40.6853801, -73.9938329)"
254,15K448,Brooklyn Secondary School for Collaborative Studies,610 Henry Street,Brooklyn,76.0,393.0,399.0,387.0,,,,,,,80.0,87.0,74.0,7.4,89.0,82.0,77.0,7.1,"(40.67943229999999, -74.0019427)"
255,15K462,Secondary School for Law,237 7 Avenue,Brooklyn,59.0,398.0,411.0,394.0,89.0,7.0,7.9,89.0,7.0,7.9,60.0,82.0,53.0,6.6,81.0,81.0,47.0,6.6,"(40.6694296, -73.9788092)"
256,15K463,Secondary School for Journalism,237 7 Avenue,Brooklyn,58.0,397.0,391.0,381.0,94.0,8.0,8.5,94.0,9.0,9.6,77.0,65.0,42.0,6.6,67.0,62.0,46.0,6.3,"(40.6694296, -73.9788092)"
257,15K464,Park Slope Collegiate,237 7 Avenue,Brooklyn,72.0,379.0,416.0,380.0,87.0,5.0,5.7,87.0,5.0,5.7,80.0,39.0,50.0,6.8,66.0,63.0,44.0,6.6,"(40.6694296, -73.9788092)"
258,15K497,School for International Studies,284 Baltic Street,Brooklyn,64.0,405.0,415.0,392.0,65.0,12.0,18.5,65.0,12.0,18.5,72.0,47.0,52.0,6.9,75.0,70.0,50.0,6.9,"(40.6853801, -73.9938329)"
259,15K519,Cobble Hill School of American Studies,347 Baltic Street,Brooklyn,77.0,398.0,402.0,385.0,142.0,4.0,2.8,142.0,4.0,2.8,83.0,79.0,41.0,7.8,74.0,72.0,32.0,6.0,"(40.6848686, -73.99077)"
260,15K592,Khalil Gibran International Academy,362 Schermerhorn Street,Brooklyn,,,,,,,,,,,74.0,,,8.1,,,,8.0,"(40.6863861, -73.9797253)"
261,15K656,Brooklyn High School of  Arts,345 Dean Street,Brooklyn,141.0,426.0,421.0,411.0,100.0,16.0,16.0,100.0,17.0,17.0,83.0,83.0,59.0,6.9,86.0,78.0,63.0,6.4,"(40.6837172, -73.98023959999999)"
262,15K667,Sunset Park High School,153 35Th Street,Brooklyn,,,,,,,,,,,93.0,71.0,,7.7,90.0,,,7.2,"(40.6556457, -74.0044674)"
263,15K684,Millennium Brooklyn HS,237 7 Avenue,Brooklyn,,,,,,,,,,,99.0,,,8.1,96.0,,,7.9,"(40.6694296, -73.9788092)"
264,16K393,Frederick Douglass Academy IV Secondary School,1014 Lafayette Avenue,Brooklyn,20.0,355.0,355.0,358.0,71.0,6.0,8.5,71.0,6.0,8.5,71.0,78.0,19.0,8.0,65.0,51.0,32.0,6.4,"(40.6919757, -73.93148839999999)"
265,16K455,Boys and Girls High School,1700 Fulton Street,Brooklyn,131.0,365.0,370.0,362.0,530.0,11.0,2.1,530.0,11.0,2.1,55.0,44.0,19.0,7.6,48.0,39.0,21.0,6.9,"(40.67892270000001, -73.9316585)"
266,16K498,Brooklyn High School for Law and Technology,1396 Broadway,Brooklyn,46.0,362.0,372.0,358.0,,,,,,,91.0,59.0,41.0,7.6,84.0,72.0,41.0,6.4,"(40.6884532, -73.9207644)"
267,16K594,Gotham Professional Arts Academy,265 Ralph Avenue,Brooklyn,36.0,370.0,372.0,351.0,,,,,,,82.0,66.0,31.0,7.7,82.0,62.0,33.0,7.0,"(40.6801794, -73.9217769)"
268,16K688, Brooklyn Academy of Global Finance,125 Stuyvesant Avenue,Brooklyn,,,,,,,,,,,52.0,55.0,,6.9,59.0,,,4.8,"(40.6912889, -73.9334089)"
270,17K122,Pathways in Technology Early College High School (P-Tech),150 Albany Avenue,Brooklyn,,,,,,,,,,,85.0,,,7.9,96.0,,,7.2,"(40.6753999, -73.93920539999999)"
271,17K382,Academy for College Preparation and Career Exploration: A College Board School,911 Flatbush Avenue,Brooklyn,59.0,396.0,374.0,369.0,69.0,14.0,20.3,69.0,14.0,20.3,78.0,71.0,53.0,6.6,73.0,72.0,41.0,5.8,"(40.6494997, -73.95816169999999)"
272,17K408,Academy of Hospitality and Tourism,911 Flatbush Avenue,Brooklyn,57.0,352.0,342.0,351.0,81.0,10.0,12.3,81.0,10.0,12.3,64.0,46.0,42.0,6.8,83.0,61.0,54.0,6.3,"(40.6494997, -73.95816169999999)"
273,17K524,International High School at Prospect Heights,883 Classon Avenue,Brooklyn,71.0,287.0,335.0,291.0,84.0,5.0,6.0,84.0,5.0,6.0,83.0,66.0,43.0,8.0,96.0,57.0,43.0,7.5,"(40.66995610000001, -73.9611201)"
274,17K528, High School for Global Citizenship,883 Classon Avenue,Brooklyn,46.0,403.0,385.0,388.0,104.0,12.0,11.5,104.0,12.0,11.5,83.0,57.0,52.0,7.1,67.0,77.0,32.0,6.7,"(40.66995610000001, -73.9611201)"
275,17K531,School for Human Rights ,600 Kingston Avenue,Brooklyn,35.0,348.0,381.0,359.0,60.0,5.0,8.3,60.0,5.0,8.3,88.0,70.0,58.0,8.0,79.0,85.0,36.0,7.4,"(40.658665, -73.943838)"
276,17K533,School for Democracy and Leadership,600 Kingston Avenue,Brooklyn,38.0,377.0,404.0,372.0,74.0,0.0,0.0,74.0,8.0,10.8,85.0,54.0,44.0,6.5,76.0,68.0,42.0,6.3,"(40.658665, -73.943838)"
277,17K537,High School for Youth and Community Development at Erasmus,911 Flatbush Avenue,Brooklyn,73.0,338.0,349.0,340.0,100.0,11.0,11.0,100.0,11.0,11.0,83.0,68.0,51.0,6.9,89.0,70.0,32.0,6.0,"(40.6494997, -73.95816169999999)"
278,17K539,High School for Service & Learning at Erasmus,911 Flatbush Avenue,Brooklyn,61.0,362.0,375.0,368.0,116.0,9.0,7.8,116.0,9.0,7.8,86.0,71.0,38.0,6.6,83.0,75.0,44.0,6.2,"(40.6494997, -73.95816169999999)"
279,17K543,Science Technology and Research Early College High School at Erasmus,911 Flatbush Avenue,Brooklyn,69.0,457.0,462.0,441.0,76.0,21.0,27.6,76.0,21.0,27.6,95.0,96.0,97.0,7.5,93.0,99.0,84.0,7.2,"(40.6494997, -73.95816169999999)"
280,17K546,High School for Public Service: Heroes of Tomorrow,600 Kingston Avenue,Brooklyn,79.0,418.0,441.0,414.0,93.0,22.0,23.7,93.0,22.0,23.7,93.0,94.0,81.0,7.9,96.0,96.0,82.0,7.4,"(40.658665, -73.943838)"
281,17K547,Brooklyn Academy of Science and  Environment,883 Classon Avenue,Brooklyn,63.0,388.0,382.0,373.0,110.0,20.0,18.2,110.0,20.0,18.2,87.0,64.0,42.0,6.9,80.0,69.0,47.0,6.4,"(40.66995610000001, -73.9611201)"
282,17K548,Brooklyn School for Music & atre,883 Classon Avenue,Brooklyn,48.0,385.0,393.0,373.0,88.0,5.0,5.7,88.0,5.0,5.7,85.0,68.0,40.0,6.8,86.0,74.0,36.0,6.5,"(40.66995610000001, -73.9611201)"
283,17K590,Medgar Evers College Preparatory School,1186 Carroll Street,Brooklyn,165.0,476.0,481.0,479.0,156.0,55.0,35.3,156.0,55.0,35.3,92.0,96.0,84.0,7.7,95.0,99.0,76.0,6.2,"(40.667, -73.95101360000001)"
284,17K600,Clara Barton High School,901 Classon Avenue,Brooklyn,259.0,425.0,413.0,413.0,488.0,104.0,21.3,488.0,110.0,22.5,69.0,72.0,58.0,6.5,66.0,73.0,55.0,6.0,"(40.6691193, -73.9617434)"
285,17K745,Brooklyn Institute for Liberal Arts,600 Kingston Avenue,Brooklyn,,,,,,,,,,,89.0,,,7.8,,,,,"(40.658665, -73.943838)"
286,17K751,Academy for Health Careers,150 Albany Avenue,Brooklyn,,,,,,,,,,,70.0,,,6.6,82.0,,,6.6,"(40.6753999, -73.93920539999999)"
287,18K563,It Takes a Village Academy,5800 Tilden Avenue,Brooklyn,56.0,313.0,320.0,330.0,4.0,,,4.0,,,93.0,89.0,79.0,7.2,93.0,86.0,88.0,6.5,"(40.6480566, -73.9222341)"
288,18K566,Brooklyn Generation School,6565 Flatlands Avenue,Brooklyn,29.0,374.0,377.0,394.0,4.0,,,4.0,,,73.0,51.0,47.0,7.3,76.0,54.0,35.0,6.4,"(40.6335392, -73.9174422)"
289,18K567,Brooklyn atre Arts High School,6565 Flatlands Avenue,Brooklyn,54.0,383.0,358.0,377.0,3.0,,,3.0,,,71.0,63.0,45.0,7.2,72.0,65.0,40.0,6.2,"(40.6335392, -73.9174422)"
290,18K569,Kurt Hahn Expeditionary Learning School,5800 Tilden Avenue,Brooklyn,43.0,368.0,378.0,346.0,5.0,,,5.0,,,80.0,72.0,53.0,7.8,91.0,77.0,53.0,7.2,"(40.6480566, -73.9222341)"
291,18K576,Victory Collegiate High School,6565 Flatlands Avenue,Brooklyn,63.0,387.0,377.0,379.0,3.0,,,3.0,,,86.0,87.0,54.0,7.6,87.0,90.0,43.0,7.0,"(40.6335392, -73.9174422)"
292,18K589,Arts & Media Preparatory Academy,905 Winthrop Street,Brooklyn,48.0,361.0,360.0,359.0,4.0,,,4.0,,,84.0,45.0,45.0,8.0,73.0,70.0,40.0,6.5,"(40.6586846, -73.9286824)"
293,18K617,High School for Innovation in Advertising and Media,1600 Rockaway Parkway,Brooklyn,37.0,404.0,393.0,386.0,,,,,,,66.0,68.0,45.0,7.5,91.0,63.0,,6.7,"(40.640423, -73.8984517)"
294,18K629,Cultural Academy for  Arts and Sciences,5800 Tilden Avenue,Brooklyn,33.0,393.0,395.0,381.0,2.0,,,2.0,,,69.0,65.0,39.0,7.1,87.0,72.0,,6.8,"(40.6480566, -73.9222341)"
295,18K633,High School for Medical Professions,1600 Rockaway Parkway,Brooklyn,75.0,386.0,380.0,393.0,,,,,,,96.0,93.0,68.0,7.1,92.0,94.0,,6.5,"(40.640423, -73.8984517)"
296,18K637,Academy for Conservation and  Environment,6565 Flatlands Avenue,Brooklyn,35.0,363.0,381.0,367.0,,,,,,,86.0,61.0,41.0,6.9,80.0,56.0,,6.2,"(40.6335392, -73.9174422)"
297,18K642,Urban Action Academy,1600 Rockaway Parkway,Brooklyn,40.0,376.0,385.0,374.0,,,,,,,77.0,68.0,27.0,7.2,76.0,61.0,,6.6,"(40.640423, -73.8984517)"
298,19K404,Academy for Young Writers,1065 Elton Street,Brooklyn,,,,,,,,,,,84.0,65.0,49.0,7.4,66.0,71.0,59.0,7.0,"(40.6573003, -73.87413769999999)"
299,19K409,East New York Family Academy,2057 Linden Boulevard,Brooklyn,54.0,416.0,432.0,394.0,91.0,6.0,6.6,91.0,6.0,6.6,86.0,87.0,62.0,7.0,90.0,80.0,52.0,6.9,"(40.661095, -73.886661)"
301,19K502,FDNY High School for Fire and Life Safety,400 Pennsylvania Avenue,Brooklyn,37.0,341.0,349.0,333.0,87.0,3.0,3.4,87.0,3.0,3.4,83.0,65.0,15.0,7.6,72.0,77.0,9.0,6.8,"(40.6676011, -73.8947918)"
302,19K504,High School for Civil Rights,400 Pennsylvania Avenue,Brooklyn,47.0,363.0,349.0,342.0,111.0,4.0,3.6,111.0,4.0,3.6,84.0,57.0,24.0,7.4,55.0,62.0,29.0,6.8,"(40.6676011, -73.8947918)"
303,19K507,Performing Arts and Technology High School,400 Pennsylvania Avenue,Brooklyn,61.0,380.0,386.0,383.0,111.0,4.0,3.6,111.0,4.0,3.6,85.0,70.0,37.0,7.3,82.0,63.0,38.0,6.6,"(40.6676011, -73.8947918)"
304,19K510,World Academy for Total Community Health High School,400 Pennsylvania Avenue,Brooklyn,68.0,371.0,365.0,370.0,95.0,1.0,1.1,95.0,5.0,5.3,82.0,65.0,47.0,6.5,72.0,65.0,43.0,5.9,"(40.6676011, -73.8947918)"
305,19K583,Multicultural High School,999 Jamaica Avenue,Brooklyn,29.0,279.0,322.0,286.0,3.0,,,3.0,,,81.0,29.0,25.0,7.5,72.0,35.0,23.0,6.8,"(40.6928503, -73.8689912)"
306,19K615,Transit Tech Career and Technical Education High School,1 Wells Street,Brooklyn,182.0,395.0,418.0,380.0,346.0,38.0,11.0,346.0,40.0,11.6,53.0,67.0,42.0,6.0,62.0,71.0,49.0,5.7,"(40.678748, -73.8752133)"
307,19K618,Academy of Innovative Technology,999 Jamaica Avenue,Brooklyn,60.0,371.0,371.0,354.0,1.0,,,1.0,,,90.0,53.0,53.0,7.5,85.0,64.0,,6.7,"(40.6928503, -73.8689912)"
308,19K639,Brooklyn Lab School,999 Jamaica Avenue,Brooklyn,57.0,360.0,385.0,363.0,1.0,,,1.0,,,70.0,50.0,30.0,6.9,66.0,52.0,,6.5,"(40.6928503, -73.8689912)"
309,19K659,Cypress Hills Collegiate Preparatory School,999 Jamaica Avenue,Brooklyn,51.0,376.0,385.0,368.0,106.0,5.0,4.7,106.0,5.0,4.7,77.0,47.0,34.0,7.3,72.0,51.0,36.0,7.1,"(40.6928503, -73.8689912)"
310,19K660,W. H. Maxwell Career and Technical Education High School,145 Pennsylvania Avenue,Brooklyn,74.0,370.0,369.0,363.0,226.0,6.0,2.7,226.0,6.0,2.7,78.0,65.0,30.0,7.1,60.0,67.0,25.0,6.8,"(40.6739267, -73.8963734)"
311,19K683, School for Classics: An Academy of Thinkers Writers and Peformers,370 Fountain Avenue,Brooklyn,38.0,383.0,400.0,374.0,,,,,,,85.0,83.0,48.0,7.4,89.0,85.0,,7.0,"(40.6700472, -73.8744253)"
313,20K445,New Utrecht High School,1601 80 Street,Brooklyn,456.0,402.0,471.0,399.0,621.0,171.0,27.5,621.0,176.0,28.3,77.0,68.0,60.0,7.1,80.0,73.0,57.0,6.4,"(40.6130317, -74.00215759999999)"
314,20K485,High School of Telecommunication Arts and Technology,350 67 Street,Brooklyn,238.0,425.0,474.0,424.0,297.0,107.0,36.0,297.0,108.0,36.4,91.0,83.0,79.0,7.5,90.0,86.0,72.0,7.1,"(40.6368485, -74.0231804)"
315,20K490,Fort Hamilton High School,8301 Shore Road,Brooklyn,694.0,417.0,478.0,411.0,986.0,295.0,29.9,986.0,302.0,30.6,81.0,70.0,58.0,7.1,81.0,66.0,55.0,6.8,"(40.6271178, -74.0392943)"
316,20K505,Franklin Delano Roosevelt High School,5800 20 Avenue,Brooklyn,385.0,383.0,486.0,375.0,859.0,201.0,23.4,859.0,206.0,24.0,70.0,60.0,49.0,7.1,81.0,64.0,47.0,6.7,"(40.6213242, -73.9825025)"
317,20K609,Urban Assembly School for Criminal Justice,4200 16 Avenue,Brooklyn,,,,,,,,,,,83.0,,,8.3,69.0,,,7.5,"(40.634906, -73.98183519999999)"
318,21K337,International High School at Lafayette,2630 Benson Avenue,Brooklyn,54.0,326.0,386.0,314.0,71.0,6.0,8.5,71.0,6.0,8.5,81.0,50.0,41.0,7.9,94.0,48.0,48.0,7.5,"(40.5936235, -73.9861442)"
319,21K344,Rachel Carson High School for Coastal Studies,521 West Avenue,Brooklyn,54.0,402.0,427.0,408.0,113.0,28.0,24.8,113.0,28.0,24.8,81.0,78.0,52.0,6.9,86.0,62.0,55.0,6.5,"(41.733613, -92.4523926)"
320,21K348,High School of Sports Management,2630 Benson Avenue,Brooklyn,39.0,388.0,398.0,378.0,65.0,7.0,10.8,65.0,7.0,10.8,79.0,74.0,57.0,7.5,73.0,70.0,59.0,6.3,"(40.5936235, -73.9861442)"
321,21K410,Abraham Lincoln High School,2800 Ocean Parkway,Brooklyn,475.0,396.0,437.0,393.0,620.0,94.0,15.2,620.0,98.0,15.8,76.0,67.0,55.0,7.5,78.0,71.0,48.0,7.1,"(40.5823822, -73.9682211)"
322,21K468,Kingsborough Early College School,2630 Benson Avenue,Brooklyn,,,,,,,,,,,96.0,91.0,,7.0,88.0,,,6.6,"(40.5936235, -73.9861442)"
323,21K525,Edward R. Murrow High School,1600 Avenue L,Brooklyn,727.0,468.0,496.0,467.0,938.0,376.0,40.1,938.0,381.0,40.6,80.0,78.0,76.0,7.1,81.0,80.0,72.0,6.7,"(40.6198965, -73.95921589999999)"
324,21K540,John Dewey High School,50 Avenue X,Brooklyn,448.0,404.0,468.0,390.0,603.0,125.0,20.7,603.0,128.0,21.2,84.0,74.0,57.0,7.2,78.0,72.0,54.0,7.1,"(40.5876478, -73.9814451)"
325,21K559,Life Academy High School for Film and Music,2630 Benson Avenue,Brooklyn,40.0,384.0,375.0,365.0,1.0,,,1.0,,,85.0,91.0,49.0,7.0,82.0,77.0,43.0,6.2,"(40.5936235, -73.9861442)"
326,21K572,Expeditionary Learning School for Community Leaders,2630 Benson Avenue,Brooklyn,40.0,353.0,370.0,356.0,3.0,,,3.0,,,92.0,75.0,56.0,8.1,92.0,56.0,44.0,7.1,"(40.5936235, -73.9861442)"
327,21K620,William E. Grady Career and Technical Education High School,25 Brighton 4Th Road,Brooklyn,95.0,394.0,414.0,376.0,281.0,9.0,3.2,281.0,11.0,3.9,54.0,61.0,38.0,7.2,63.0,65.0,34.0,6.5,"(40.5832433, -73.963729)"
328,21K690,Brooklyn Studio Secondary School,8310 21St Avenue,Brooklyn,119.0,429.0,449.0,435.0,140.0,34.0,24.3,140.0,34.0,24.3,78.0,76.0,61.0,7.0,85.0,74.0,60.0,6.6,"(40.6048465, -73.9947464)"
329,22K405,Midwood High School,2839 Bedford Avenue,Brooklyn,824.0,478.0,519.0,476.0,872.0,505.0,57.9,872.0,525.0,60.2,92.0,85.0,74.0,7.7,89.0,87.0,82.0,7.3,"(40.632889, -73.9523966)"
330,22K425,James Madison High School,3787 Bedford Avenue,Brooklyn,518.0,436.0,475.0,439.0,1076.0,328.0,30.5,1076.0,336.0,31.2,80.0,75.0,60.0,6.9,78.0,71.0,57.0,6.4,"(40.6099056, -73.9482591)"
331,22K535,Leon M. Goldstein High School for  Sciences,1830 Shore Boulevard,Brooklyn,259.0,524.0,561.0,542.0,253.0,203.0,80.2,253.0,203.0,80.2,96.0,96.0,87.0,7.8,98.0,99.0,89.0,7.4,"(40.5807237, -73.93502099999999)"
332,22K555,Brooklyn College Academy,350 Coney Island Avenue,Brooklyn,131.0,456.0,456.0,440.0,120.0,40.0,33.3,120.0,40.0,33.3,97.0,97.0,92.0,7.8,99.0,95.0,89.0,7.2,"(40.6492022, -73.9718961)"
334,23K493,Brooklyn Collegiate: A College Board School,2021 Bergen Street,Brooklyn,60.0,389.0,409.0,387.0,70.0,6.0,8.6,70.0,6.0,8.6,66.0,55.0,49.0,6.3,79.0,71.0,46.0,6.2,"(40.67443919999999, -73.9133276)"
335,23K514,Frederick Douglass Academy VII High School,226 Bristol Street,Brooklyn,55.0,361.0,371.0,359.0,92.0,7.0,7.6,92.0,7.0,7.6,68.0,59.0,46.0,6.6,63.0,63.0,42.0,6.3,"(40.6655754, -73.9120016)"
336,23K644,Eagle Academy for Young Men II,1137 Herkimer Street,Brooklyn,,,,,,,,,,,57.0,,,8.1,60.0,,,8.2,"(40.6779834, -73.915842)"
337,23K697,Teachers Preparatory High School,226 Bristol Street,Brooklyn,69.0,392.0,416.0,388.0,99.0,24.0,24.2,99.0,24.0,24.2,63.0,73.0,55.0,6.7,78.0,82.0,40.0,6.7,"(40.6655754, -73.9120016)"
339,24Q264,Academy of Finance and Enterprise,30-20 Thomson Avenue,Long Island City,89.0,405.0,454.0,421.0,90.0,12.0,13.3,90.0,12.0,13.3,94.0,90.0,83.0,7.9,97.0,96.0,75.0,7.2,"(40.7448591, -73.9369449)"
340,24Q267,High School of Applied Communication,30-20 Thomson Avenue,Long Island City,39.0,406.0,413.0,400.0,101.0,12.0,11.9,101.0,12.0,11.9,89.0,80.0,60.0,7.3,83.0,76.0,53.0,6.7,"(40.7448591, -73.9369449)"
341,24Q293,Civic Leadership Academy,45-10 94Th Street,Elmhurst,69.0,404.0,429.0,407.0,,,,,,,93.0,85.0,59.0,8.2,89.0,79.0,,7.5,"(40.743204, -73.871482)"
342,24Q296,Pan American International High School,45-10 94Th Street,Elmhurst,55.0,317.0,323.0,311.0,1.0,,,1.0,,,65.0,42.0,33.0,7.8,82.0,48.0,26.0,7.1,"(40.743204, -73.871482)"
343,24Q299,Bard High School Early College Queens,30-20 Thomson Avenue,Long Island City,155.0,545.0,568.0,550.0,50.0,26.0,52.0,50.0,26.0,52.0,99.0,96.0,99.0,8.5,100.0,100.0,93.0,7.8,"(40.7448591, -73.9369449)"
344,24Q455,Newtown High School,48-01 90 Street,Elmhurst,320.0,383.0,440.0,380.0,773.0,85.0,11.0,773.0,89.0,11.5,82.0,61.0,49.0,7.6,73.0,68.0,40.0,6.8,"(40.74083690000001, -73.8739856)"
345,24Q485,Grover Cleveland High School,21-27 Himrod Street,Ridgewood,241.0,395.0,420.0,396.0,703.0,110.0,15.6,703.0,114.0,16.2,70.0,60.0,37.0,7.1,83.0,58.0,32.0,7.4,"(40.7116318, -73.9091661)"
346,24Q520,Middle College High School at LaGuardia Community College,45-35 Van Dam Street,Long Island City,58.0,399.0,393.0,385.0,,,,,,,83.0,74.0,69.0,7.8,76.0,76.0,55.0,7.1,"(40.743285, -73.93350869999999)"
347,24Q530,International High School at LaGuardia Community College,45-35 Van Dam Street,Long Island City,69.0,326.0,409.0,329.0,,,,,,,95.0,70.0,60.0,8.3,94.0,74.0,57.0,7.7,"(40.743285, -73.93350869999999)"
348,24Q550,High School for Arts and Business,105-25 Horace Harding Expy N,Corona,138.0,391.0,403.0,380.0,187.0,18.0,9.6,187.0,18.0,9.6,90.0,83.0,63.0,7.6,92.0,83.0,52.0,6.8,"(40.737637, -73.853408)"
349,24Q560,Robert F. Wagner Jr. Secondary School for Arts and Technology,47-07 30 Place,Long Island City,80.0,443.0,447.0,440.0,95.0,22.0,23.2,95.0,23.0,24.2,91.0,86.0,68.0,7.8,84.0,81.0,68.0,7.5,"(40.7427084, -73.9363284)"
350,24Q585,Maspeth High School,54-40 74Th Street,Elmhurst,,,,,,,,,,,99.0,,,7.4,98.0,,,7.0,"(40.7293201, -73.88729870000002)"
351,24Q600,Queens Vocational and Technical High School,37-02 47 Avenue,Long Island City,155.0,417.0,447.0,406.0,271.0,29.0,10.7,271.0,29.0,10.7,87.0,80.0,55.0,7.0,84.0,75.0,53.0,6.6,"(40.74222049999999, -73.9283762)"
352,24Q610,Aviation Career & Technical Education High School,45-30 36 Street,Long Island City,396.0,445.0,496.0,423.0,368.0,127.0,34.5,368.0,135.0,36.7,96.0,88.0,80.0,7.3,95.0,89.0,57.0,6.8,"(40.743581, -73.9292176)"
355,25Q252,Queens School of Inquiry ,158-40 76 Road,Fresh Meadows,58.0,455.0,498.0,443.0,,,,,,,89.0,92.0,90.0,7.7,73.0,91.0,,7.3,"(40.724191, -73.80937)"
356,25Q263,Flushing International High School,144-80 Barclay Avenue,Flushing,45.0,314.0,417.0,318.0,86.0,8.0,9.3,86.0,8.0,9.3,85.0,70.0,51.0,8.0,84.0,60.0,42.0,7.4,"(40.7603435, -73.81790869999999)"
357,25Q281,East-West School of International Studies,46-21 Colden Street,Flushing,59.0,416.0,463.0,392.0,75.0,16.0,21.3,75.0,16.0,21.3,86.0,92.0,75.0,7.4,87.0,92.0,75.0,7.0,"(40.7494299, -73.82141)"
358,25Q285,World Journalism Preparatory: A College Board School,34-65 192 Street,Flushing,63.0,471.0,489.0,481.0,82.0,9.0,11.0,82.0,9.0,11.0,98.0,91.0,76.0,6.7,99.0,90.0,82.0,6.7,"(40.7648343, -73.7897125)"
359,25Q425,John Bowne High School,63-25 Main Street,Flushing,558.0,397.0,451.0,395.0,688.0,73.0,10.6,688.0,73.0,10.6,80.0,66.0,47.0,7.0,81.0,65.0,43.0,6.5,"(40.7387753, -73.8238923)"
360,25Q460,Flushing High School,35-01 Union Street,Flushing,347.0,393.0,441.0,382.0,588.0,50.0,8.5,588.0,50.0,8.5,68.0,54.0,41.0,6.2,71.0,59.0,37.0,7.1,"(40.764868, -73.826819)"
361,25Q525,Townsend Harris High School,149-11 Melbourne Avenue,Flushing,278.0,621.0,651.0,638.0,278.0,276.0,99.3,278.0,276.0,99.3,100.0,100.0,100.0,8.0,100.0,100.0,100.0,7.4,"(40.735017, -73.821339)"
362,25Q670,Robert F. Kennedy Community High School,75-40 Parsons Boulevard,Fresh Meadows,99.0,431.0,458.0,441.0,159.0,35.0,22.0,159.0,35.0,22.0,89.0,81.0,75.0,8.2,78.0,76.0,65.0,7.1,"(40.7253501, -73.8113254)"
364,26Q415,Benjamin N. Cardozo High School,57-00 223Rd Street,Oakland Gardens,888.0,480.0,545.0,489.0,981.0,458.0,46.7,981.0,468.0,47.7,82.0,87.0,73.0,6.6,88.0,84.0,76.0,6.3,"(40.7519018, -73.75653129999999)"
365,26Q430,Francis Lewis High School,58-20 Utopia Parkway,Fresh Meadows,934.0,468.0,539.0,467.0,1209.0,564.0,46.7,1209.0,611.0,50.5,92.0,86.0,77.0,8.2,92.0,89.0,79.0,7.5,"(40.7404652, -73.79360919999999)"
366,26Q435,Martin Van Buren High School,230-17 Hillside Avenue,Queens Village,334.0,391.0,397.0,384.0,755.0,104.0,13.8,755.0,104.0,13.8,76.0,53.0,40.0,6.0,72.0,56.0,45.0,5.7,"(40.7339036, -73.7392943)"
367,26Q495,Bayside High School,32-24 Corporal Kennedy Street,Bayside,708.0,462.0,523.0,464.0,902.0,454.0,50.3,902.0,465.0,51.6,97.0,92.0,77.0,7.8,95.0,91.0,73.0,8.0,"(40.771101, -73.78021)"
368,26Q566,Queens High School of Teaching Liberal Arts and  Sciences,74-20 Commonwealth Blvd,Bellerose,175.0,425.0,434.0,420.0,281.0,55.0,19.6,281.0,55.0,19.6,82.0,90.0,74.0,6.9,89.0,89.0,70.0,6.6,"(40.744121, -73.728799)"
369,27Q260,Frederick Douglass Academy VI High School,8-21 Bay 25 Street,Far Rockaway,87.0,387.0,385.0,373.0,95.0,11.0,11.6,95.0,11.0,11.6,79.0,52.0,40.0,6.6,46.0,70.0,55.0,6.2,"(40.601532, -73.76397899999999)"
370,27Q262,Channel View School for Research,100-00 Beach Channel Drive,Rockaway Park,74.0,432.0,419.0,401.0,71.0,14.0,19.7,71.0,14.0,19.7,89.0,86.0,61.0,7.9,95.0,91.0,72.0,7.6,"(40.5863283, -73.8234859)"
371,27Q302,Queens High School for Information Research and Technology,8-21 Bay 25 Street,Far Rockaway,44.0,391.0,401.0,364.0,2.0,,,2.0,,,76.0,61.0,46.0,6.8,63.0,81.0,,6.2,"(40.601532, -73.76397899999999)"
372,27Q308,Robert H. Goddard High School of Communication Arts and Technology,138-30 Lafayette Street,Ozone Park,93.0,423.0,426.0,416.0,,,,,,,91.0,90.0,65.0,7.7,91.0,85.0,,7.0,"(40.6712506, -73.8457636)"
373,27Q309,Academy of Medical Technology: A College Board School,8-21 Bay 25 Street,Far Rockaway,36.0,367.0,379.0,348.0,,,,,,,69.0,65.0,67.0,6.8,72.0,78.0,,6.2,"(40.601532, -73.76397899999999)"
375,27Q323,Scholars' Academy,320 Beach 104Th Street,Rockaway Park,89.0,499.0,537.0,496.0,,,,,,,98.0,100.0,94.0,8.6,100.0,99.0,97.0,8.1,"(40.5842573, -73.825402)"
376,27Q324,Rockaway Park High School for Environmental Sustainability,100-00 Beach Channel Drive,Rockaway Park,,,,,,,,,,,76.0,,,7.4,73.0,,,6.4,"(40.5863283, -73.8234859)"
378,27Q351,Rockaway Collegiate High School,100-00 Beach Channel Drive,Rockaway Park,,,,,,,,,,,70.0,,,7.3,79.0,,,7.2,"(40.5863283, -73.8234859)"
379,27Q400,August Martin High School,156-10 Baisley Boulevard,Jamaica,101.0,377.0,371.0,360.0,288.0,8.0,2.8,288.0,8.0,2.8,31.0,39.0,24.0,6.0,57.0,41.0,30.0,6.8,"(40.6747642, -73.78323259999999)"
380,27Q475,Richmond Hill High School,89-30 114 Street,Richmond Hill,404.0,382.0,404.0,368.0,867.0,81.0,9.3,867.0,83.0,9.6,73.0,58.0,39.0,6.6,81.0,60.0,35.0,6.2,"(40.6950764, -73.83377)"
381,27Q480,John Adams High School,101-01 Rockaway Boulevard,Ozone Park,403.0,391.0,409.0,392.0,808.0,65.0,8.0,808.0,66.0,8.2,78.0,52.0,40.0,6.6,77.0,54.0,39.0,6.5,"(40.6786025, -73.8369699)"
382,27Q650,High School for Construction Trades Engineering and Architecture,94-06 104Th Street,Ozone Park,194.0,429.0,491.0,425.0,177.0,39.0,22.0,177.0,39.0,22.0,97.0,98.0,82.0,6.9,96.0,96.0,82.0,6.7,"(40.6892738, -73.8412316)"
383,28Q167,Metropolitan Expeditionary Learning School,91-30 Metropolitan Avenue,Forest Hills,,,,,,,,,,,97.0,,,8.0,,,,7.7,"(40.7088482, -73.8558219)"
384,28Q284,York Early College Academy,108-35 167 Street,Jamaica,,,,,,,,,,,92.0,94.0,,7.6,80.0,,,6.9,"(40.6969125, -73.7863958)"
385,28Q310,Queens Collegiate: A College Board School,167-01 Gothic Drive,Jamaica,68.0,420.0,445.0,400.0,,,,,,,93.0,80.0,63.0,7.2,90.0,81.0,,7.0,"(40.7141353, -73.7979805)"
386,28Q325,Hillside Arts & Letters Academy,167-01 Gothic Drive,Jamaica,,,,,,,,,,,90.0,,,7.6,83.0,,,6.9,"(40.7141353, -73.7979805)"
387,28Q328,High School for Community Leadership,167-01 Gothic Drive,Jamaica,,,,,,,,,,,83.0,,,7.8,66.0,,,7.1,"(40.7141353, -73.7979805)"
388,28Q350,Jamaica Gateway to  Sciences,167-01 Gothic Drive,Jamaica,25.0,430.0,452.0,425.0,,,,,,,86.0,95.0,80.0,7.0,90.0,98.0,,6.9,"(40.7141353, -73.7979805)"
389,28Q440,Forest Hills High School,67-01 110 Street,Forest Hills,762.0,456.0,497.0,454.0,959.0,370.0,38.6,959.0,372.0,38.8,88.0,86.0,69.0,7.2,88.0,86.0,66.0,7.0,"(40.7297887, -73.84474709999999)"
390,28Q505,Hillcrest High School,160-05 Highland Avenue,Jamaica,462.0,395.0,413.0,386.0,766.0,102.0,13.3,766.0,104.0,13.6,83.0,72.0,56.0,8.4,86.0,71.0,55.0,6.9,"(40.7118566, -73.7953953)"
391,28Q620,Thomas A. Edison Career and Technical Education High School,165-65 84 Avenue,Jamaica,422.0,452.0,478.0,442.0,819.0,352.0,43.0,819.0,358.0,43.7,93.0,84.0,71.0,7.2,90.0,86.0,69.0,6.8,"(40.7160972, -73.7989223)"
392,28Q680,Queens Gateway to Health Sciences Secondary School,160-20 Goethals Avenue,Jamaica,99.0,513.0,523.0,502.0,117.0,67.0,57.3,117.0,71.0,60.7,100.0,97.0,83.0,6.9,98.0,94.0,90.0,6.7,"(40.71855, -73.80599099999999)"
393,28Q686,QUEENS METROPOLITAN HIGH SCHOOL,91-30 Metropolitan Avenue,Forest Hills,,,,,,,,,,,87.0,,,7.1,76.0,,,6.2,"(40.7088482, -73.8558219)"
394,28Q687,Queens High School for  Sciences at York College,94-50 159 Street,Jamaica,121.0,612.0,660.0,596.0,107.0,100.0,93.5,107.0,102.0,95.3,100.0,99.0,84.0,8.5,97.0,98.0,100.0,7.0,"(40.7009286, -73.7983153)"
395,28Q690,High School for Law Enforcement and Public Safety,116-25 Guy R Brewer Boulevard,Jamaica,74.0,406.0,406.0,384.0,126.0,16.0,12.7,126.0,16.0,12.7,65.0,76.0,58.0,6.6,71.0,71.0,55.0,6.1,"(40.685933, -73.7835262)"
396,28Q896,Young Women's Leadership School Queens,150-91 87 Road,Jamaica,68.0,439.0,445.0,432.0,,,,,,,90.0,87.0,93.0,6.7,85.0,96.0,81.0,6.3,"(40.708383, -73.804153)"
398,29Q248,Queens Preparatory Academy,143-10 Springfield Boulevard,Springfield Gardens,52.0,360.0,380.0,359.0,95.0,8.0,8.4,95.0,8.0,8.4,91.0,67.0,36.0,6.4,86.0,57.0,43.0,6.2,"(40.6681047, -73.75789859999999)"
399,29Q259,Pathways College Preparatory School: A College Board School,109-89 204 Street,Saint Albans,46.0,401.0,397.0,375.0,64.0,2.0,3.1,64.0,2.0,3.1,74.0,75.0,51.0,7.2,76.0,78.0,59.0,6.3,"(40.7067683, -73.7537928)"
400,29Q265,Excelsior Preparatory High School,143-10 Springfield Boulevard,Springfield Gardens,49.0,402.0,398.0,402.0,91.0,6.0,6.6,91.0,6.0,6.6,89.0,83.0,46.0,7.0,75.0,77.0,42.0,6.3,"(40.6681047, -73.75789859999999)"
401,29Q272,George Washington Carver High School for  Sciences,143-10 Springfield Boulevard,Springfield Gardens,59.0,436.0,427.0,424.0,103.0,28.0,27.2,103.0,29.0,28.2,81.0,80.0,50.0,6.5,80.0,76.0,42.0,6.0,"(40.6681047, -73.75789859999999)"
402,29Q283,Preparatory Academy for Writers: A College Board School,143-10 Springfield Boulevard,Springfield Gardens,43.0,370.0,367.0,363.0,36.0,0.0,0.0,36.0,0.0,0.0,84.0,80.0,62.0,7.2,85.0,83.0,41.0,6.9,"(40.6681047, -73.75789859999999)"
404,29Q326,Cambria Heights Academy,188-04 91St Avenue,Hollis,,,,,,,,,,,92.0,,,7.6,89.0,,,7.3,"(40.7119481, -73.77093099999999)"
406,29Q492,Mamatics Science Research and Technology Magnet High School,207- 01 116Th Avenue,Cambria Heights,78.0,400.0,426.0,394.0,108.0,22.0,20.4,108.0,22.0,20.4,87.0,69.0,55.0,6.6,88.0,77.0,56.0,7.2,"(40.6981894, -73.74600889999999)"
407,29Q498,Humanities & Arts Magnet High School,207- 01 116Th Avenue,Cambria Heights,62.0,393.0,381.0,377.0,94.0,7.0,7.4,94.0,7.0,7.4,78.0,74.0,51.0,7.1,83.0,78.0,48.0,6.1,"(40.6981894, -73.74600889999999)"
409,30Q286,Young Women's Leadership School Astoria,23-15 Newtown Avenue,Astoria,,,,,,,,,,,99.0,95.0,,8.3,87.0,,,7.7,"(40.7713192, -73.9241835)"
410,30Q301,Academy for Careers in Television and Film,1-50 51St Avenue,Long Island City,98.0,410.0,440.0,405.0,,,,,,,99.0,97.0,80.0,8.3,93.0,96.0,,7.5,"(40.7430801, -73.9592507)"
411,30Q445,William Cullen Bryant High School,48-10 31 Avenue,Astoria,395.0,414.0,449.0,412.0,810.0,195.0,24.1,810.0,203.0,25.1,83.0,66.0,44.0,6.8,75.0,63.0,43.0,6.5,"(40.7576896, -73.91037779999999)"
412,30Q450,Long Island City High School,14-30 Broadway,Astoria,392.0,403.0,420.0,395.0,718.0,127.0,17.7,718.0,130.0,18.1,79.0,59.0,40.0,6.8,79.0,56.0,43.0,6.3,"(40.7658067, -73.9327717)"
413,30Q501,Frank Sinatra School of  Arts High School,35-12 35Th Avenue,Astoria,174.0,504.0,496.0,494.0,171.0,85.0,49.7,171.0,86.0,50.3,97.0,94.0,85.0,7.1,99.0,97.0,88.0,6.8,"(40.756281, -73.9250271)"
414,30Q502,Information Technology High School,21-16 44Th Road,Long Island City,148.0,407.0,434.0,398.0,267.0,46.0,17.2,267.0,47.0,17.6,78.0,67.0,57.0,6.9,75.0,74.0,52.0,6.3,"(40.747678, -73.946647)"
415,30Q555,Newcomers High School,28-01 41 Avenue,Long Island City,143.0,323.0,475.0,329.0,214.0,38.0,17.8,214.0,38.0,17.8,77.0,70.0,45.0,7.5,90.0,67.0,44.0,6.8,"(40.7514349, -73.9369976)"
416,30Q575,Academy of American Studies,28-04 41 Avenue,Long Island City,135.0,487.0,492.0,491.0,155.0,83.0,53.5,155.0,85.0,54.8,93.0,92.0,87.0,7.7,89.0,88.0,85.0,7.0,"(40.7513083, -73.93741059999999)"
417,30Q580,Baccalaureate School for Global Education,34-12 36 Avenue,Astoria,61.0,524.0,568.0,544.0,72.0,56.0,77.8,72.0,56.0,77.8,100.0,98.0,92.0,8.3,100.0,97.0,92.0,7.8,"(40.7550085, -73.9268792)"
418,31R047,CSI High School for International Studies,100 Essex Drive,Staten Island,137.0,452.0,451.0,450.0,80.0,19.0,23.8,80.0,19.0,23.8,91.0,97.0,95.0,7.6,95.0,97.0,82.0,6.9,"(40.581969, -74.15935999999999)"
419,31R064,Gaynor McCown Expeditionary Learning School,100 Essex Drive,Staten Island,61.0,398.0,412.0,385.0,,,,,,,89.0,80.0,68.0,7.5,90.0,84.0,,6.7,"(40.581969, -74.15935999999999)"
420,31R080, Michael J. Petrides School,715 Ocean Terrace,Staten Island,107.0,472.0,488.0,466.0,113.0,45.0,39.8,113.0,45.0,39.8,90.0,92.0,79.0,8.0,88.0,90.0,68.0,7.0,"(40.6084411, -74.1052619)"
421,31R440,New Dorp High School,465 New Dorp Lane,Staten Island,391.0,424.0,437.0,416.0,509.0,103.0,20.2,509.0,103.0,20.2,81.0,73.0,51.0,6.8,77.0,76.0,53.0,6.6,"(40.5695781, -74.1073767)"
422,31R445,Port Richmond High School,85 St Josephs Avenue,Staten Island,271.0,424.0,438.0,417.0,519.0,80.0,15.4,519.0,81.0,15.6,70.0,61.0,42.0,6.6,69.0,63.0,48.0,6.2,"(40.634843, -74.142015)"
423,31R450,Curtis High School,105 Hamilton Avenue,Staten Island,375.0,437.0,435.0,429.0,649.0,132.0,20.3,649.0,132.0,20.3,78.0,79.0,51.0,6.9,79.0,74.0,48.0,6.4,"(40.6449118, -74.08050700000001)"
424,31R455,Tottenville High School,100 Luten Avenue,Staten Island,807.0,462.0,486.0,470.0,1069.0,332.0,31.1,1069.0,335.0,31.3,90.0,83.0,66.0,7.8,87.0,85.0,65.0,7.2,"(40.528303, -74.193519)"
425,31R460,Susan E. Wagner High School,1200 Manor Road,Staten Island,535.0,455.0,474.0,459.0,912.0,287.0,31.5,912.0,288.0,31.6,87.0,81.0,69.0,7.4,85.0,78.0,74.0,6.9,"(40.5972874, -74.1251624)"
426,31R600,Ralph R. McKee Career and Technical Education High School,290 St Marks Place,Staten Island,94.0,416.0,422.0,397.0,175.0,16.0,9.1,175.0,16.0,9.1,81.0,60.0,44.0,7.0,77.0,67.0,46.0,6.8,"(40.6427954, -74.07925259999999)"
427,31R605,Staten Island Technical High School,485 Clawson Street,Staten Island,227.0,635.0,682.0,636.0,288.0,282.0,97.9,288.0,282.0,97.9,100.0,100.0,100.0,8.5,100.0,100.0,90.0,8.1,"(40.567929, -74.115695)"
428,32K168, Brooklyn School for Math and Research,400 Irving Avenue,Brooklyn,,,,,,,,,,,84.0,,,7.2,76.0,,,6.9,"(40.6970064, -73.9117456)"
429,32K403,Academy for Environmental Leadership,400 Irving Avenue,Brooklyn,50.0,380.0,366.0,352.0,99.0,6.0,6.1,99.0,7.0,7.1,84.0,75.0,37.0,7.8,83.0,65.0,34.0,6.9,"(40.6970064, -73.9117456)"
430,32K545,EBC High School for Public Service - Bushwick,1155 Dekalb Avenue,Brooklyn,88.0,384.0,409.0,361.0,161.0,15.0,9.3,161.0,15.0,9.3,77.0,70.0,42.0,7.6,72.0,67.0,47.0,6.8,"(40.694733, -73.929295)"
431,32K549,Bushwick School for Social Justice,400 Irving Avenue,Brooklyn,75.0,348.0,353.0,334.0,97.0,7.0,7.2,97.0,7.0,7.2,88.0,55.0,34.0,7.5,70.0,64.0,33.0,6.6,"(40.6970064, -73.9117456)"
432,32K552,Academy of Urban Planning,400 Irving Avenue,Brooklyn,67.0,342.0,364.0,354.0,115.0,4.0,3.5,115.0,4.0,3.5,75.0,51.0,28.0,7.1,61.0,51.0,31.0,6.5,"(40.6970064, -73.9117456)"
433,32K554,All City Leadership Secondary School,321 Palmetto Street,Brooklyn,39.0,428.0,465.0,422.0,43.0,9.0,20.9,43.0,10.0,23.3,97.0,97.0,84.0,9.1,94.0,97.0,77.0,8.9,"(40.6975906, -73.9130974)"
434,32K556,Bushwick Leaders High School for Academic Excellence,797 Bushwick Avenue,Brooklyn,23.0,347.0,358.0,350.0,117.0,7.0,6.0,117.0,7.0,6.0,65.0,70.0,23.0,7.1,63.0,43.0,25.0,6.4,"(40.6953801, -73.92752109999999)"
